marker,chr,pos
scaffold10369_Locus_7473_0_54.8_LINEAR_841,LG1,0
scaffold10369_Locus_7473_0_54.8_LINEAR_1006,LG1,1e-6
scaffold10369_Locus_7473_0_54.8_LINEAR_1606,LG1,2e-6
scaffold20360_Locus_27621_0_62.3_COMPLEX_640,LG1,3e-6
scaffold20360_Locus_27621_0_62.3_COMPLEX_928,LG1,4e-6
scaffold20360_Locus_27621_0_62.3_COMPLEX_1424,LG1,4.9999999999999996e-6
scaffold20360_Locus_27621_0_62.3_COMPLEX_1611,LG1,6e-6
scaffold20360_Locus_27621_0_62.3_COMPLEX_2810,LG1,7e-6
scaffold19431_Locus_25463_0_54.7_COMPLEX_1723,LG1,0.5747459556174696
C190330_56.0_219,LG1,0.5747469556174696
scaffold19431_Locus_25463_0_54.7_COMPLEX_1591,LG1,0.5747479556174695
scaffold10369_Locus_7473_0_54.8_LINEAR_1333,LG1,0.5747489556174695
scaffold10369_Locus_7473_0_54.8_LINEAR_1411,LG1,0.5747499556174696
scaffold10369_Locus_7473_0_54.8_LINEAR_1441,LG1,0.5747509556174696
scaffold10369_Locus_7473_0_54.8_LINEAR_1444,LG1,0.5747519556174695
C209334_62.0_457,LG1,0.5747529556174695
C209334_62.0_499,LG1,0.5747539556174696
C209334_62.0_523,LG1,0.5747549556174696
C190330_56.0_135,LG1,0.5747559556174695
C190330_56.0_209,LG1,0.5747569556174695
C190330_56.0_360,LG1,0.5747579556174696
C190330_56.0_603,LG1,0.5747589556174696
C190330_56.0_606,LG1,0.5747599556174695
C206904_60.0_1592,LG1,1.1429672325563773
C206904_60.0_532,LG1,1.1429682325563773
C206904_60.0_686,LG1,1.1429692325563772
C206904_60.0_704,LG1,1.1429702325563773
C206904_60.0_746,LG1,1.1429712325563772
C206904_60.0_752,LG1,1.1429722325563771
C206904_60.0_842,LG1,1.1429732325563773
C206904_60.0_996,LG1,1.1429742325563772
C206904_60.0_1142,LG1,1.1429752325563771
scaffold13195_Locus_12272_0_56.9_BUBBLE_507,LG1,2.292604063601958
Locus_10019_Contig1_251,LG1,4.704111718291011
Locus_10019_Contig1_736,LG1,4.704112718291011
C173838_53.0_299,LG1,7.872906359269606
scaffold25359_Locus_46292_0_51.6_LINEAR_645,LG1,11.629962435503053
scaffold11722_Locus_9598_0_50.7_COMPLEX_250,LG1,12.753748132059716
scaffold11722_Locus_9598_0_50.7_COMPLEX_454,LG1,12.753749132059715
C209238_61.0_810,LG1,13.303222800029094
C212788_61.0_546,LG1,14.970508162495904
C213674_60.0_2346,LG1,15.514008828406054
C213674_60.0_2274,LG1,15.514009828406055
C210348_58.0_1422,LG1,19.271065904639503
Locus_1335_Contig1_1199,LG1,19.2710669046395
Locus_1335_Contig1_1421,LG1,19.2710679046395
Locus_24644_Contig1_489,LG1,20.521329419006037
scaffold16547_Locus_18962_0_59.1_COMPLEX_1121,LG1,20.521330419006034
scaffold16547_Locus_18962_0_59.1_COMPLEX_1133,LG1,20.521331419006035
scaffold16547_Locus_18962_0_59.1_COMPLEX_1311,LG1,20.521332419006036
scaffold8538_Locus_4742_0_60.4_FORK_808,LG1,20.521333419006037
scaffold25449_Locus_47931_0_60.4_LINEAR_3135,LG1,23.0234208829306
C215356_61.0_554,LG1,29.21932598054514
C215356_61.0_1115,LG1,29.21932698054514
C214356_59.0_487,LG1,30.410029205276505
C214356_59.0_413,LG1,30.410030205276506
C214356_59.0_488,LG1,30.410031205276507
C214356_59.0_617,LG1,30.410032205276508
C214356_59.0_1931,LG1,30.410033205276505
C203228_56.0_490,LG1,32.21805074476716
C210080_59.0_317,LG1,32.21805174476716
C207614_61.0_298,LG1,32.82049153424368
C207614_61.0_918,LG1,32.82049253424368
C207614_61.0_947,LG1,32.820493534243674
C203762_57.0_351,LG1,33.408756969498526
C204908_58.0_670,LG1,33.408757969498524
C203762_57.0_357,LG1,33.40875896949852
C203762_57.0_379,LG1,33.408759969498526
C203762_57.0_804,LG1,33.40876096949852
C194688_59.0_301,LG1,34.58544974094817
C194688_59.0_400,LG1,34.58545074094817
C194688_59.0_838,LG1,34.585451740948166
scaffold25475_Locus_48731_0_45.3_LINEAR_480,LG1,34.58545274094817
scaffold25475_Locus_48731_0_45.3_LINEAR_1127,LG1,34.58545374094817
Locus_3607_Contig1_2953,LG1,35.17371717620301
scaffold24136_Locus_38522_0_60.8_COMPLEX_947,LG1,35.74845613182049
scaffold24136_Locus_38522_0_60.8_COMPLEX_2261,LG1,35.74845713182049
scaffold24807_Locus_41693_0_46.1_LINEAR_1204,LG1,39.505513208053934
C175634_54.0_256,LG1,39.50551420805394
C214224_57.0_653,LG1,40.08025316367141
C184300_53.0_688,LG1,40.080254163671405
C187390_59.0_227,LG1,40.66851759892626
C169752_44.0_176,LG1,41.28583391368554
Locus_23696_Contig1_1246,LG1,41.28583491368554
C200362_59.0_885,LG1,43.81964827019273
scaffold7352_Locus_3071_0_40.7_COMPLEX_371,LG1,44.387855547131636
scaffold7352_Locus_3071_0_40.7_COMPLEX_619,LG1,44.38785654713164
C187658_58.0_673,LG1,44.9496789434331
scaffold18270_Locus_22818_0_55.7_LINEAR_278,LG1,45.51150133973456
scaffold18270_Locus_22818_0_55.7_LINEAR_362,LG1,45.51150233973456
C170458_59.0_614,LG1,45.51150333973456
C170458_59.0_692,LG1,45.51150433973456
C198910_60.0_1206,LG1,46.635290036291224
scaffold25520_Locus_49938_0_57.5_LINEAR_2227,LG1,46.63529103629122
scaffold20212_Locus_27295_1_56.2_FORK_1589,LG1,47.20349831323013
C192854_59.0_379,LG1,48.92832110040392
C192854_59.0_903,LG1,48.92832210040392
Locus_4554_Contig1_360,LG1,48.928323100403915
Locus_4554_Contig1_477,LG1,48.92832410040392
Locus_3556_Contig1_571,LG1,51.28300547689645
Locus_3556_Contig1_580,LG1,51.28300647689645
Locus_3556_Contig1_664,LG1,51.28300747689645
Locus_3556_Contig1_916,LG1,51.28300847689645
scaffold5149_Locus_1863_0_57.7_COMPLEX_2420,LG1,51.28300947689645
C211532_60.0_169,LG1,51.28301047689645
Locus_2099_Contig1_2308,LG1,51.8385898965142
Locus_2099_Contig1_2422,LG1,51.838590896514205
C211428_58.0_619,LG1,51.8385918965142
C211428_58.0_779,LG1,51.8385928965142
C200718_53.0_474,LG1,51.838593896514205
C200718_53.0_555,LG1,51.8385948965142
C200718_53.0_1047,LG1,51.8385958965142
C200718_53.0_1183,LG1,51.838596896514204
Locus_1436_Contig1_1944,LG1,51.8385978965142
Locus_1436_Contig1_1959,LG1,51.838598896514206
Locus_1436_Contig1_2026,LG1,51.838599896514204
Locus_1436_Contig1_2052,LG1,51.8386008965142
C209950_61.0_401,LG1,52.39418031613196
C209950_61.0_650,LG1,52.394181316131956
C209950_61.0_659,LG1,52.39418231613195
C209950_61.0_665,LG1,52.39418331613196
C209950_61.0_764,LG1,52.394184316131955
C209950_61.0_923,LG1,52.39418531613195
scaffold439_Locus_149_1_41.8_COMPLEX_347,LG1,52.94976473574971
scaffold439_Locus_149_1_41.8_COMPLEX_348,LG1,52.94976573574971
scaffold439_Locus_149_1_41.8_COMPLEX_351,LG1,52.949766735749705
scaffold439_Locus_149_1_41.8_COMPLEX_386,LG1,52.94976773574971
C213842_61.0_687,LG1,52.94976873574971
C213842_61.0_1668,LG1,52.949769735749705
C213842_61.0_1149,LG1,52.94977073574971
C212880_59.0_1597,LG1,52.94977173574971
C212880_59.0_2263,LG1,52.94977273574971
scaffold7525_Locus_3275_0_57.6_COMPLEX_801,LG1,52.94977373574971
scaffold7525_Locus_3275_0_57.6_COMPLEX_219,LG1,52.949774735749706
scaffold7525_Locus_3275_0_57.6_COMPLEX_243,LG1,52.94977573574971
C182060_59.0_292,LG1,52.94977673574971
C212758_61.0_612,LG1,53.52451569136718
C212758_61.0_631,LG1,53.52451669136718
C212758_61.0_1466,LG1,53.52451769136718
C212758_61.0_1681,LG1,53.52451869136718
C212758_61.0_1789,LG1,53.52451969136718
C206392_61.0_853,LG1,53.52452069136718
C206392_61.0_1465,LG1,53.52452169136718
C206392_61.0_1468,LG1,53.52452269136718
scaffold7525_Locus_3275_0_57.6_COMPLEX_1129,LG1,53.52452369136718
scaffold20706_Locus_28526_0_45.3_LINEAR_1458,LG1,54.086346087668645
scaffold20706_Locus_28526_0_45.3_LINEAR_339,LG1,54.08634708766864
scaffold20706_Locus_28526_0_45.3_LINEAR_386,LG1,54.08634808766864
scaffold20706_Locus_28526_0_45.3_LINEAR_1268,LG1,54.086349087668644
scaffold20706_Locus_28526_0_45.3_LINEAR_1700,LG1,54.08635008766864
scaffold20706_Locus_28526_0_45.3_LINEAR_1817,LG1,54.08635108766864
C214122_59.0_2028,LG1,54.086352087668644
C203900_59.0_975,LG1,55.18543117319654
C203900_59.0_194,LG1,55.18543217319654
C203900_59.0_1146,LG1,55.18543317319654
C197180_56.0_678,LG1,55.18543417319654
C209338_60.0_300,LG1,55.18543517319654
C209338_60.0_348,LG1,55.18543617319654
C209338_60.0_471,LG1,55.18543717319654
scaffold25376_Locus_46472_0_39.2_LINEAR_2694,LG1,55.18543817319654
C210460_55.0_1836,LG1,55.741017592814295
C199840_59.0_1368,LG1,55.74101859281429
C196012_59.0_549,LG1,55.7410195928143
C196012_59.0_1181,LG1,55.741020592814294
C205172_60.0_1156,LG1,56.290494260783674
C205172_60.0_311,LG1,56.29049526078368
C205172_60.0_1192,LG1,56.29049626078368
C205172_60.0_1282,LG1,56.290497260783674
C205172_60.0_1345,LG1,56.29049826078368
C188420_58.0_500,LG1,57.97653128067199
C188420_58.0_586,LG1,57.97653228067199
C196024_56.0_986,LG1,59.08782734494284
C167014_64.0_495,LG1,59.087828344942835
C201382_51.0_797,LG1,59.08782934494283
C201382_51.0_1070,LG1,59.08783034494284
scaffold14200_Locus_14227_0_59.0_FORK_762,LG1,59.087831344942835
scaffold14200_Locus_14227_0_59.0_FORK_1209,LG1,59.08783234494284
C213264_54.0_1760,LG1,59.08783334494284
C188916_57.0_104,LG1,59.087834344942834
scaffold19300_Locus_25189_0_57.5_LINEAR_1436,LG1,61.41509592159314
scaffold19300_Locus_25189_0_57.5_LINEAR_1285,LG1,61.41509692159314
C183474_62.0_564,LG1,64.46766534161563
C209140_57.0_451,LG1,66.25414044116926
Locus_27101_Contig1_355,LG1,68.0406155407229
Locus_27101_Contig1_508,LG1,68.0406165407229
Locus_27101_Contig1_784,LG1,68.04061754072289
Locus_27101_Contig1_827,LG1,68.04061854072289
Locus_27101_Contig1_835,LG1,68.04061954072289
Locus_27101_Contig1_913,LG1,68.04062054072288
Locus_27101_Contig1_971,LG1,68.0406215407229
Locus_27101_Contig1_979,LG1,68.0406225407229
Locus_27101_Contig1_1099,LG1,68.04062354072289
Locus_27101_Contig1_1393,LG1,68.04062454072289
Locus_27101_Contig1_1540,LG1,68.04062554072289
Locus_27101_Contig1_1973,LG1,68.04062654072288
Locus_27101_Contig1_2060,LG1,68.0406275407229
Locus_27101_Contig1_2069,LG1,68.04062854072289
Locus_27101_Contig1_6027,LG1,68.04062954072289
Locus_7052_Contig1_865,LG1,69.17718989264182
Locus_7052_Contig1_913,LG1,69.17719089264182
Locus_7052_Contig1_2100,LG1,69.17719189264183
Locus_7052_Contig1_2616,LG1,69.17719289264183
Locus_7052_Contig1_3018,LG1,69.17719389264182
Locus_7052_Contig1_3130,LG1,69.17719489264182
C196518_55.0_277,LG1,69.17719589264182
C196518_55.0_573,LG1,69.17719689264182
C157382_56.0_347,LG1,70.94263707299066
C150490_28.0_298,LG1,70.94263807299066
scaffold13881_Locus_13603_0_50.6_BUBBLE_653,LG1,72.6875331213792
C170684_59.0_401,LG1,72.6875341213792
C199104_60.0_287,LG1,72.6875351213792
C199104_60.0_377,LG1,72.6875361213792
C175968_59.0_559,LG1,75.01479769802951
C207678_45.0_1579,LG1,75.01479869802951
C175968_59.0_571,LG1,75.0147996980295
C175968_59.0_586,LG1,75.0148006980295
C195706_53.0_294,LG1,76.17780208890183
C202154_57.0_507,LG1,76.17780308890184
C202154_57.0_756,LG1,76.17780408890184
C202154_57.0_888,LG1,76.17780508890183
C143918_54.0_292,LG1,76.17780608890183
C143918_54.0_298,LG1,76.17780708890183
C143918_54.0_328,LG1,76.17780808890183
C198374_56.0_306,LG1,76.17780908890184
Locus_12339_Contig1_942,LG1,77.94324926925067
Locus_12339_Contig1_825,LG1,77.94325026925067
Locus_12339_Contig1_900,LG1,77.94325126925067
Locus_12339_Contig1_2227,LG1,77.94325226925066
Locus_12339_Contig1_2431,LG1,77.94325326925068
scaffold9289_Locus_5810_1_56.8_COMPLEX_2470,LG1,86.94332262003586
C204994_53.0_134,LG1,93.13922771765039
C212206_57.0_2033,LG2,0
C212206_57.0_1914,LG2,1e-6
C212206_57.0_2118,LG2,2e-6
C197322_57.0_386,LG2,0.5494756679693792
C197322_57.0_650,LG2,0.5494766679693792
C197322_57.0_996,LG2,0.5494776679693792
scaffold19121_Locus_24805_0_49.3_FORK_596,LG2,0.5494786679693792
scaffold19121_Locus_24805_0_49.3_FORK_696,LG2,0.5494796679693792
scaffold19121_Locus_24805_0_49.3_FORK_768,LG2,0.5494806679693792
C197322_57.0_695,LG2,0.5494816679693793
C197322_57.0_698,LG2,0.5494826679693792
C215390_61.0_595,LG2,2.274305455143165
C215390_61.0_430,LG2,2.2743064551431647
C215390_61.0_778,LG2,2.274307455143165
C215390_61.0_1019,LG2,2.274308455143165
C215390_61.0_1726,LG2,2.2743094551431646
C215390_61.0_1786,LG2,2.2743104551431648
C215390_61.0_1976,LG2,2.274311455143165
scaffold25315_Locus_45625_0_59.3_LINEAR_3517,LG2,4.082328994633817
C179202_58.0_194,LG2,4.677596211976777
C179202_58.0_113,LG2,4.677597211976777
C179202_58.0_203,LG2,4.677598211976777
C179202_58.0_243,LG2,4.677599211976777
C179202_58.0_520,LG2,4.6776002119767766
C179202_58.0_527,LG2,4.677601211976777
C179202_58.0_545,LG2,4.677602211976777
C179202_58.0_608,LG2,4.677603211976777
C179202_58.0_734,LG2,4.677604211976777
C179202_58.0_704,LG2,4.677605211976777
C179202_58.0_449,LG2,4.6776062119767765
C179202_58.0_497,LG2,4.677607211976777
C203124_60.0_291,LG2,4.677608211976777
C179202_58.0_886,LG2,4.677609211976777
Locus_15229_Contig1_534,LG2,7.060364707084901
C178574_57.0_212,LG2,10.77086583504173
scaffold15250_Locus_16245_0_55.5_LINEAR_535,LG2,10.770866835041732
C186050_57.0_695,LG2,13.82343525506423
C186050_57.0_725,LG2,13.82343625506423
C186050_57.0_773,LG2,13.82343725506423
C186050_57.0_783,LG2,13.823438255064229
C186050_57.0_809,LG2,13.82343925506423
scaffold13323_Locus_12483_0_53.6_FORK_1083,LG2,13.823440255064229
C200244_53.0_176,LG2,13.82344125506423
C200244_53.0_258,LG2,13.82344225506423
C200244_53.0_595,LG2,13.82344325506423
Locus_9179_Contig1_1351,LG2,14.391650532003137
Locus_9179_Contig1_1144,LG2,14.391651532003136
Locus_9179_Contig1_1747,LG2,14.391652532003137
Locus_9179_Contig1_1768,LG2,14.391653532003136
C187748_58.0_824,LG2,14.391654532003137
C187748_58.0_920,LG2,14.391655532003137
scaffold13323_Locus_12483_0_53.6_FORK_660,LG2,14.391656532003136
scaffold3969_Locus_1382_1_47.9_COMPLEX_1060,LG2,14.959863808942044
scaffold3969_Locus_1382_1_47.9_COMPLEX_1114,LG2,14.959864808942044
scaffold3969_Locus_1382_1_47.9_COMPLEX_1141,LG2,14.959865808942045
Locus_28453_Contig1_1773,LG2,16.13655458039169
Locus_28453_Contig1_1683,LG2,16.13655558039169
C205414_58.0_977,LG2,20.94585389657809
Locus_6560_Contig1_2358,LG2,20.945854896578087
Locus_6560_Contig1_1056,LG2,20.945855896578088
Locus_6560_Contig1_1191,LG2,20.94585689657809
Locus_6560_Contig1_2736,LG2,20.945857896578087
Locus_6560_Contig1_2760,LG2,20.945858896578088
Locus_6560_Contig1_2817,LG2,20.94585989657809
Locus_6560_Contig1_2853,LG2,20.945860896578086
Locus_6560_Contig1_3326,LG2,20.945861896578087
C215086_59.0_1330,LG2,22.75387943606874
C215086_59.0_2854,LG2,22.75388043606874
C181700_54.0_656,LG2,22.75388143606874
scaffold10158_Locus_7178_1_54.0_BUBBLE_989,LG2,23.335303990175426
C209926_58.0_694,LG2,25.121779089729053
C209926_58.0_923,LG2,25.12178008972905
C209926_58.0_1043,LG2,25.12178108972905
C209926_58.0_1144,LG2,25.121782089729052
scaffold25048_Locus_43142_0_57.6_LINEAR_1744,LG2,26.951868190311426
scaffold25524_Locus_50156_0_60.1_LINEAR_450,LG2,26.951869190311424
C202072_60.0_291,LG2,26.951870190311425
scaffold25048_Locus_43142_0_57.6_LINEAR_1465,LG2,26.951871190311426
scaffold25048_Locus_43142_0_57.6_LINEAR_1489,LG2,26.951872190311423
Locus_9520_Contig1_1039,LG2,28.827752838884276
Locus_9520_Contig1_1189,LG2,28.827753838884277
Locus_9520_Contig1_1221,LG2,28.827754838884278
scaffold17266_Locus_20518_0_59.6_LINEAR_1312,LG2,28.827755838884276
C197490_59.0_130,LG2,28.827756838884277
C197490_59.0_110,LG2,28.827757838884278
C197490_59.0_235,LG2,28.827758838884275
C197490_59.0_562,LG2,28.827759838884276
C178924_58.0_198,LG2,28.827760838884277
C213884_57.0_606,LG2,28.82776183888428
C192766_60.0_839,LG2,29.416025274139127
C172230_63.0_169,LG2,29.984232551078037
C179988_62.0_439,LG2,29.984233551078038
C179988_62.0_506,LG2,29.984234551078035
C172230_63.0_340,LG2,29.984235551078037
C172230_63.0_532,LG2,29.984236551078038
C107934_34.0_22,LG2,29.98423755107804
Locus_871_Contig1_959,LG2,29.984238551078036
C191240_57.0_345,LG2,29.984239551078037
C191240_57.0_649,LG2,29.984240551078038
C168314_60.0_236,LG2,29.984241551078036
C168314_60.0_542,LG2,29.984242551078037
Locus_765_Contig1_2868,LG2,30.53982197069579
C210992_54.0_980,LG2,34.29687804692924
C215320_54.0_3244,LG2,34.878300601035924
scaffold24275_Locus_39169_0_56.2_LINEAR_364,LG2,34.87830160103592
scaffold24275_Locus_39169_0_56.2_LINEAR_904,LG2,34.87830260103592
scaffold24275_Locus_39169_0_56.2_LINEAR_922,LG2,34.878303601035924
C212734_62.0_193,LG2,35.433883020653674
C212734_62.0_2132,LG2,35.43388402065367
scaffold5553_Locus_2054_0_47.2_COMPLEX_832,LG2,37.158706807827464
C204764_60.0_206,LG2,37.15870780782746
C204764_60.0_212,LG2,37.15870880782746
scaffold5553_Locus_2054_0_47.2_COMPLEX_934,LG2,37.158709807827464
Locus_144_Contig1_1741,LG2,37.708183475796844
Locus_144_Contig1_1119,LG2,37.70818447579685
Locus_144_Contig1_1165,LG2,37.708185475796846
Locus_144_Contig1_2170,LG2,37.70818647579684
Locus_144_Contig1_2173,LG2,37.70818747579685
Locus_144_Contig1_2176,LG2,37.708188475796845
Locus_144_Contig1_2321,LG2,37.70818947579684
Locus_144_Contig1_2425,LG2,37.70819047579685
Locus_144_Contig1_2515,LG2,37.708191475796845
Locus_144_Contig1_2519,LG2,37.70819247579684
Locus_144_Contig1_2531,LG2,37.70819347579685
Locus_144_Contig1_2611,LG2,37.708194475796844
Locus_144_Contig1_2618,LG2,37.70819547579684
scaffold5564_Locus_2059_1_56.4_COMPLEX_3232,LG2,37.708196475796846
C204082_50.0_1132,LG2,37.708197475796844
C204082_50.0_1451,LG2,37.70819847579684
scaffold9743_Locus_6513_0_54.6_COMPLEX_899,LG2,37.708199475796846
scaffold5554_Locus_2054_1_53.6_COMPLEX_388,LG2,37.70820047579684
scaffold5564_Locus_2059_1_56.4_COMPLEX_3284,LG2,37.70820147579685
C188628_60.0_536,LG2,38.84476182771578
C175966_53.0_483,LG2,40.02145059916542
C192680_50.0_804,LG2,40.021451599165424
scaffold22977_Locus_34540_0_56.2_LINEAR_448,LG2,40.02145259916542
C180352_52.0_473,LG2,40.02145359916542
C180352_52.0_672,LG2,40.02145459916542
C207704_52.0_697,LG2,41.786894779514256
scaffold25380_Locus_46519_0_61.0_LINEAR_2168,LG2,41.78689577951425
C193928_57.0_923,LG2,41.78689677951426
scaffold6679_Locus_2585_1_41.8_COMPLEX_1191,LG2,41.786897779514256
scaffold6679_Locus_2585_1_41.8_COMPLEX_1287,LG2,41.78689877951425
scaffold6679_Locus_2585_1_41.8_COMPLEX_1380,LG2,41.78689977951426
scaffold22230_Locus_32345_0_62.2_COMPLEX_571,LG2,42.97760200424562
scaffold5774_Locus_2153_0_55.3_COMPLEX_65,LG2,44.22786351861216
C212016_57.0_337,LG2,44.816126953867006
C213630_58.0_1480,LG2,44.816127953867
scaffold15244_Locus_16233_0_45.2_LINEAR_506,LG2,44.81612895386701
scaffold15244_Locus_16233_0_45.2_LINEAR_1020,LG2,44.816129953867005
scaffold12446_Locus_10920_0_63.0_COMPLEX_1032,LG2,44.816130953867
scaffold12446_Locus_10920_0_63.0_COMPLEX_1058,LG2,44.81613195386701
C212016_57.0_338,LG2,44.816132953867005
C212016_57.0_1627,LG2,44.816133953867
C189322_59.0_831,LG2,45.93991965042367
Locus_2331_Contig1_2442,LG2,45.939920650423666
Locus_2331_Contig1_2996,LG2,45.93992165042366
C158526_55.0_333,LG2,46.49550107004142
scaffold22822_Locus_34059_0_37.6_LINEAR_1464,LG2,46.49550207004142
C175826_53.0_529,LG2,46.495503070041416
scaffold12471_Locus_10962_0_58.1_COMPLEX_233,LG2,46.49550407004142
C195214_59.0_747,LG2,46.49550507004142
C195214_59.0_787,LG2,46.49550607004142
C195214_59.0_867,LG2,46.49550707004142
C195214_59.0_1149,LG2,46.49550807004142
scaffold7362_Locus_3078_0_59.8_COMPLEX_183,LG2,46.49550907004142
C215146_51.0_288,LG2,46.49551007004142
C215146_51.0_352,LG2,46.49551107004142
C215146_51.0_486,LG2,46.49551207004142
C215146_51.0_1008,LG2,46.49551307004142
C205490_55.0_303,LG2,46.495514070041416
scaffold12471_Locus_10962_0_58.1_COMPLEX_802,LG2,46.49551507004142
scaffold12471_Locus_10962_0_58.1_COMPLEX_914,LG2,46.49551607004142
scaffold12471_Locus_10962_0_58.1_COMPLEX_935,LG2,46.495517070041416
scaffold12471_Locus_10962_0_58.1_COMPLEX_977,LG2,46.49551807004142
C211096_60.0_470,LG2,46.49551907004142
C211096_60.0_594,LG2,46.49552007004142
C211096_60.0_726,LG2,46.49552107004142
C211096_60.0_1473,LG2,46.49552207004142
C211096_60.0_1512,LG2,46.49552307004142
C211096_60.0_1704,LG2,46.49552407004142
C211096_60.0_1752,LG2,46.49552507004142
scaffold24697_Locus_41020_0_56.6_LINEAR_913,LG2,47.09079228738438
scaffold24697_Locus_41020_0_56.6_LINEAR_1560,LG2,47.09079328738438
scaffold24697_Locus_41020_0_56.6_LINEAR_1921,LG2,47.09079428738438
scaffold24697_Locus_41020_0_56.6_LINEAR_1969,LG2,47.09079528738438
scaffold24697_Locus_41020_0_56.6_LINEAR_2048,LG2,47.09079628738438
C200962_54.0_800,LG2,47.090797287384376
C200962_54.0_1130,LG2,47.09079828738438
C195214_59.0_597,LG2,47.09079928738438
C195214_59.0_602,LG2,47.09080028738438
C195214_59.0_687,LG2,47.09080128738438
C215146_51.0_1628,LG2,47.09080228738438
C214826_61.0_1282,LG2,47.67906572263923
C214826_61.0_2710,LG2,47.67906672263923
C208458_55.0_467,LG2,47.679067722639225
C200962_54.0_1070,LG2,47.67906872263923
C200962_54.0_1076,LG2,47.67906972263923
C213618_60.0_840,LG2,48.842071113511544
C213618_60.0_1083,LG2,48.84207211351155
C215996_60.0_1159,LG2,49.437339330854506
C215996_60.0_2174,LG2,49.437340330854504
C202786_60.0_623,LG2,49.43734133085451
C198950_60.0_378,LG2,49.437342330854506
C198950_60.0_778,LG2,49.4373433308545
C194036_60.0_753,LG2,50.64239687630145
scaffold21828_Locus_31365_0_55.7_LINEAR_1887,LG2,51.21713583191892
scaffold14708_Locus_15163_0_52.9_LINEAR_1352,LG2,51.21713683191892
scaffold21828_Locus_31365_0_55.7_LINEAR_1305,LG2,51.21713783191892
scaffold21828_Locus_31365_0_55.7_LINEAR_2139,LG2,51.217138831918916
scaffold21828_Locus_31365_0_55.7_LINEAR_2247,LG2,51.21713983191892
scaffold21828_Locus_31365_0_55.7_LINEAR_2653,LG2,51.21714083191892
scaffold21828_Locus_31365_0_55.7_LINEAR_4200,LG2,51.217141831918916
scaffold21828_Locus_31365_0_55.7_LINEAR_4788,LG2,51.21714283191892
scaffold21828_Locus_31365_0_55.7_LINEAR_5106,LG2,51.21714383191892
scaffold21828_Locus_31365_0_55.7_LINEAR_5140,LG2,51.217144831918915
scaffold21828_Locus_31365_0_55.7_LINEAR_5514,LG2,51.21714583191892
scaffold21828_Locus_31365_0_55.7_LINEAR_5817,LG2,51.21714683191892
C201838_57.0_593,LG2,51.217147831918915
scaffold6245_Locus_2389_1_53.7_COMPLEX_882,LG2,53.54440940856922
scaffold20552_Locus_28076_0_51.2_LINEAR_938,LG2,53.54441040856922
scaffold5459_Locus_2008_1_56.8_BUBBLE_1472,LG2,53.544411408569225
scaffold5459_Locus_2008_1_56.8_BUBBLE_1532,LG2,53.54441240856922
C187314_53.0_944,LG2,54.10623480487068
C175144_61.0_134,LG2,54.106235804870686
C175144_61.0_288,LG2,54.10623680487068
C187314_53.0_1014,LG2,54.10623780487068
C196286_52.0_895,LG2,54.106238804870685
C196286_52.0_985,LG2,54.10623980487068
C196286_52.0_1033,LG2,54.10624080487068
scaffold20759_Locus_28652_1_44.5_COMPLEX_1589,LG2,55.269242195743004
Locus_1486_Contig1_2914,LG2,57.03468237609184
C212658_56.0_1741,LG2,57.596504772393295
scaffold23000_Locus_34618_0_58.9_LINEAR_2423,LG2,58.73306512431223
C215884_60.0_896,LG2,58.73306612431223
C197654_62.0_558,LG2,58.733067124312235
C185874_55.0_124,LG2,59.869627476231166
C172728_57.0_300,LG2,60.419101144200546
C190724_54.0_762,LG2,60.41910214420055
C172728_57.0_570,LG2,60.41910314420055
C206266_60.0_855,LG2,60.419104144200546
C206266_60.0_1300,LG2,60.41910514420055
C206266_60.0_1395,LG2,60.41910614420055
Locus_20288_Contig1_298,LG2,60.980928540502006
Locus_20288_Contig1_866,LG2,60.98092954050201
Locus_20288_Contig1_977,LG2,60.98093054050201
scaffold19388_Locus_25372_0_29.7_LINEAR_1315,LG2,61.54275293680347
scaffold19388_Locus_25372_0_29.7_LINEAR_1688,LG2,61.54275393680347
C193254_59.0_297,LG2,61.54275493680347
C193254_59.0_328,LG2,61.54275593680347
C193254_59.0_409,LG2,61.54275693680347
C193254_59.0_451,LG2,61.54275793680347
scaffold4380_Locus_1553_1_56.4_COMPLEX_1223,LG2,62.679318288722406
C201416_47.0_738,LG2,62.679319288722404
C171726_50.0_89,LG2,63.260741842829084
Locus_2398_Contig1_3020,LG2,64.41037067387467
Locus_2398_Contig1_3050,LG2,64.41037167387466
Locus_2398_Contig1_3132,LG2,64.41037267387468
Locus_2398_Contig1_3206,LG2,64.41037367387467
C196120_50.0_764,LG2,71.32919972186444
C196120_50.0_776,LG2,71.32920072186444
C169118_50.0_540,LG2,71.32920172186444
C169118_50.0_546,LG2,71.32920272186445
C207818_61.0_530,LG2,73.65646429851475
C207818_61.0_611,LG2,73.65646529851475
C207818_61.0_635,LG2,73.65646629851474
C207818_61.0_662,LG2,73.65646729851474
C207818_61.0_776,LG2,73.65646829851474
C207818_61.0_851,LG2,73.65646929851475
C207818_61.0_866,LG2,73.65647029851475
C207818_61.0_908,LG2,73.65647129851475
C207818_61.0_1241,LG2,73.65647229851474
C194526_56.0_698,LG2,74.2312112541322
C194526_56.0_707,LG2,74.23121225413222
C194526_56.0_928,LG2,74.23121325413221
C197842_60.0_1016,LG2,75.43626679957916
C197842_60.0_719,LG2,75.43626779957916
C197842_60.0_746,LG2,75.43626879957915
C197842_60.0_926,LG2,75.43626979957915
C197842_60.0_932,LG2,75.43627079957916
C197842_60.0_1067,LG2,75.43627179957916
C197842_60.0_1097,LG2,75.43627279957916
C197842_60.0_1107,LG2,75.43627379957915
C197842_60.0_1118,LG2,75.43627479957915
C197842_60.0_1120,LG2,75.43627579957915
C172734_59.0_372,LG2,75.43627679957916
C214468_61.0_2688,LG2,77.22275189913279
C214468_61.0_2904,LG2,77.22275289913279
C215184_59.0_435,LG2,77.22275389913278
C215184_59.0_1557,LG2,77.22275489913278
scaffold15256_Locus_16262_1_54.1_FORK_220,LG2,77.22275589913279
scaffold15430_Locus_16627_1_54.3_FORK_198,LG2,77.81802311647574
C206640_56.0_697,LG2,77.81802411647574
C206640_56.0_853,LG2,77.81802511647574
C191656_57.0_298,LG2,78.40628855173058
C191656_57.0_281,LG2,78.40628955173058
C191656_57.0_337,LG2,78.40629055173059
C210784_62.0_767,LG2,78.40629155173059
C210784_62.0_813,LG2,78.40629255173059
C210784_62.0_1865,LG2,78.40629355173058
C210784_62.0_1898,LG2,78.40629455173058
C144708_55.0_342,LG2,79.00156176907353
C192242_58.0_888,LG2,79.00156276907354
Locus_2441_Contig1_1229,LG2,80.19226499380491
Locus_2441_Contig1_1009,LG2,80.19226599380491
Locus_2441_Contig1_1724,LG2,80.1922669938049
Locus_2441_Contig1_2546,LG2,80.1922679938049
Locus_2441_Contig1_2819,LG2,80.19226899380492
Locus_2441_Contig1_2950,LG2,80.19226999380491
Locus_2441_Contig1_3500,LG2,80.19227099380491
Locus_2441_Contig1_4565,LG2,80.19227199380491
Locus_2441_Contig1_4652,LG2,80.1922729938049
Locus_2441_Contig1_4804,LG2,80.1922739938049
Locus_2441_Contig1_5084,LG2,80.19227499380492
scaffold2541_Locus_861_0_53.4_COMPLEX_926,LG2,84.75031491365378
scaffold22710_Locus_33736_1_49.0_BUBBLE_2140,LG2,88.65433418253585
scaffold22710_Locus_33736_1_49.0_BUBBLE_2086,LG2,88.65433518253585
scaffold22710_Locus_33736_1_49.0_BUBBLE_2321,LG2,88.65433618253584
scaffold22710_Locus_33736_1_49.0_BUBBLE_2309,LG2,88.65433718253584
scaffold22710_Locus_33736_1_49.0_BUBBLE_2322,LG2,88.65433818253585
scaffold22710_Locus_33736_1_49.0_BUBBLE_2324,LG2,88.65433918253585
C199356_58.0_595,LG2,93.15362466876087
C199356_58.0_826,LG2,93.15362566876087
C199356_58.0_1000,LG2,93.15362666876086
scaffold14463_Locus_14713_0_52.2_FORK_1402,LG3,0
scaffold14463_Locus_14713_0_52.2_FORK_2235,LG3,1e-6
C182924_61.0_583,LG3,3.168794640978595
C182924_61.0_820,LG3,3.1687956409785953
Locus_11021_Contig1_385,LG3,15.939437235128363
Locus_11021_Contig1_1093,LG3,15.939438235128362
Locus_11021_Contig1_1412,LG3,15.939439235128363
Locus_121_Contig1_1915,LG3,15.939440235128362
C134088_37.0_189,LG3,15.939441235128362
C215626_58.0_1134,LG3,15.939442235128363
C215626_58.0_1245,LG3,15.939443235128362
Locus_11301_Contig1_2131,LG3,17.116132006578006
C205984_57.0_279,LG3,17.711399223920967
C205984_57.0_288,LG3,17.711400223920965
C205984_57.0_290,LG3,17.711401223920966
C205984_57.0_317,LG3,17.711402223920967
Locus_2832_Contig1_1503,LG3,24.6040502590476
scaffold8143_Locus_4173_1_59.7_FORK_819,LG3,24.6040512590476
scaffold22436_Locus_32972_0_56.9_LINEAR_262,LG3,24.604052259047602
scaffold22436_Locus_32972_0_56.9_LINEAR_298,LG3,24.604053259047603
C196248_51.0_321,LG3,25.780742030497244
C194748_61.0_407,LG3,25.780743030497245
C194748_61.0_881,LG3,25.780744030497246
C194748_61.0_1107,LG3,25.780745030497243
scaffold25379_Locus_46516_0_60.0_LINEAR_1625,LG3,26.355483986114713
C214086_58.0_304,LG3,28.8892973426219
scaffold17841_Locus_21852_0_58.6_COMPLEX_122,LG3,31.30080499731095
scaffold17841_Locus_21852_0_58.6_COMPLEX_224,LG3,31.300805997310952
scaffold17841_Locus_21852_0_58.6_COMPLEX_260,LG3,31.300806997310954
C169580_57.0_154,LG3,31.875545952928423
scaffold10884_Locus_8235_0_58.7_COMPLEX_1641,LG3,31.87554695292842
C211580_61.0_1002,LG3,33.66202205248205
C211580_61.0_1103,LG3,33.66202305248205
scaffold16422_Locus_18735_0_53.1_FORK_700,LG3,34.25729026982501
scaffold16422_Locus_18735_0_53.1_FORK_873,LG3,34.25729126982501
scaffold16422_Locus_18735_0_53.1_FORK_1093,LG3,34.25729226982501
C183372_58.0_699,LG3,35.47704737406082
C183372_58.0_769,LG3,35.477048374060814
C183372_58.0_876,LG3,35.47704937406082
C210504_61.0_167,LG3,36.045256650999725
C210504_61.0_182,LG3,36.04525765099972
Locus_1641_Contig1_4770,LG3,36.60708004730119
C203968_55.0_694,LG3,37.16890244360265
C191584_45.0_343,LG3,37.730724839904106
C212920_53.0_1598,LG3,37.73072583990411
C212920_53.0_1733,LG3,37.73072683990411
scaffold24301_Locus_39254_0_61.2_LINEAR_1852,LG3,38.86728719182304
C185856_54.0_225,LG3,38.86728819182304
scaffold24301_Locus_39254_0_61.2_LINEAR_340,LG3,38.86728919182304
scaffold24301_Locus_39254_0_61.2_LINEAR_485,LG3,38.86729019182304
scaffold24301_Locus_39254_0_61.2_LINEAR_487,LG3,38.86729119182304
scaffold24301_Locus_39254_0_61.2_LINEAR_1042,LG3,38.86729219182304
scaffold24301_Locus_39254_0_61.2_LINEAR_1219,LG3,38.86729319182304
scaffold24301_Locus_39254_0_61.2_LINEAR_1447,LG3,38.86729419182304
scaffold24301_Locus_39254_0_61.2_LINEAR_1636,LG3,38.86729519182304
scaffold24301_Locus_39254_0_61.2_LINEAR_1752,LG3,38.867296191823044
scaffold24301_Locus_39254_0_61.2_LINEAR_1827,LG3,38.86729719182304
scaffold24301_Locus_39254_0_61.2_LINEAR_1887,LG3,38.86729819182304
scaffold24301_Locus_39254_0_61.2_LINEAR_1948,LG3,38.867299191823044
scaffold24301_Locus_39254_0_61.2_LINEAR_2076,LG3,38.86730019182304
scaffold24301_Locus_39254_0_61.2_LINEAR_2092,LG3,38.86730119182304
scaffold24301_Locus_39254_0_61.2_LINEAR_2144,LG3,38.86730219182304
scaffold24301_Locus_39254_0_61.2_LINEAR_2158,LG3,38.86730319182304
Locus_5504_Contig1_2262,LG3,39.4291255881245
Locus_1049_Contig1_2062,LG3,39.429126588124504
scaffold12435_Locus_10894_0_55.5_COMPLEX_716,LG3,39.4291275881245
C205790_60.0_687,LG3,40.00386654374197
Locus_5504_Contig1_2560,LG3,40.003867543741976
scaffold24929_Locus_42416_0_54.9_LINEAR_402,LG3,41.19456976847334
Locus_14692_Contig1_860,LG3,42.41432487270915
C206104_54.0_328,LG3,42.41432587270915
Locus_10160_Contig1_624,LG3,42.41432687270915
scaffold24292_Locus_39223_0_59.5_BUBBLE_937,LG3,43.60502909744052
C187544_54.0_643,LG3,43.60503009744052
C187544_54.0_799,LG3,43.605031097440516
C189208_51.0_499,LG3,43.60503209744052
C189208_51.0_523,LG3,43.60503309744052
C189208_51.0_553,LG3,43.605034097440516
C189208_51.0_829,LG3,43.60503509744052
C182806_52.0_505,LG3,43.60503609744052
C182806_52.0_646,LG3,43.605037097440515
C182806_52.0_679,LG3,43.60503809744052
scaffold2996_Locus_1032_0_60.7_COMPLEX_606,LG3,43.60503909744052
C176146_59.0_153,LG3,43.605040097440515
C176146_59.0_201,LG3,43.60504109744052
C202260_58.0_1489,LG3,43.60504209744052
scaffold25526_Locus_50243_0_58.6_LINEAR_1115,LG3,44.7546709284861
scaffold25526_Locus_50243_0_58.6_LINEAR_2365,LG3,44.7546719284861
C194956_58.0_454,LG3,44.754672928486094
C194956_58.0_926,LG3,44.7546739284861
C194948_59.0_981,LG3,46.56269146797675
scaffold11520_Locus_9293_0_58.1_COMPLEX_884,LG3,47.13743042359422
scaffold1415_Locus_472_1_52.9_COMPLEX_494,LG3,48.82346344348254
C198700_61.0_852,LG3,48.823464443482536
C215306_60.0_1020,LG3,48.82346544348253
C215306_60.0_1426,LG3,48.82346644348254
C216256_61.0_3821,LG3,49.40488899758922
scaffold18402_Locus_23200_0_53.0_FORK_733,LG3,50.609942543036155
scaffold18402_Locus_23200_0_53.0_FORK_810,LG3,50.60994354303616
C179958_33.0_423,LG3,50.60994454303616
Locus_4580_Contig1_1623,LG3,50.60994554303616
scaffold13653_Locus_13159_0_49.7_LINEAR_452,LG3,50.60994654303616
C210726_58.0_1642,LG3,50.60994754303616
C208262_41.0_851,LG3,50.60994854303616
C208262_41.0_595,LG3,50.60994954303616
scaffold14079_Locus_13985_0_59.2_BUBBLE_697,LG3,51.21238933251267
C209860_57.0_655,LG3,51.822176660616655
C199400_53.0_562,LG3,51.82217766061665
C199400_53.0_588,LG3,51.82217866061665
Locus_1575_Contig1_422,LG3,52.4104420958715
Locus_1575_Contig1_2679,LG3,52.4104430958715
scaffold19235_Locus_25052_0_52.5_LINEAR_598,LG3,52.4104440958715
scaffold5105_Locus_1846_0_48.6_COMPLEX_755,LG3,52.97226649217296
scaffold5105_Locus_1846_0_48.6_COMPLEX_627,LG3,52.97226749217296
scaffold5105_Locus_1846_0_48.6_COMPLEX_641,LG3,52.972268492172965
C200118_53.0_1077,LG3,52.97226949217296
scaffold10242_Locus_7300_0_51.6_FORK_1686,LG3,59.25513119919562
scaffold10242_Locus_7300_0_51.6_FORK_1779,LG3,59.25513219919562
scaffold10242_Locus_7300_0_51.6_FORK_2024,LG3,59.25513319919562
scaffold10242_Locus_7300_0_51.6_FORK_2178,LG3,59.255134199195616
scaffold10242_Locus_7300_0_51.6_FORK_2259,LG3,59.25513519919562
scaffold10242_Locus_7300_0_51.6_FORK_2336,LG3,59.25513619919562
scaffold10242_Locus_7300_0_51.6_FORK_2339,LG3,59.255137199195616
scaffold10242_Locus_7300_0_51.6_FORK_2391,LG3,59.25513819919562
scaffold10242_Locus_7300_0_51.6_FORK_2399,LG3,59.25513919919562
scaffold10242_Locus_7300_0_51.6_FORK_2451,LG3,59.255140199195615
scaffold8902_Locus_5288_1_58.4_COMPLEX_1359,LG4,0
scaffold8901_Locus_5288_0_59.5_COMPLEX_1853,LG4,1e-6
Locus_617_Contig1_1714,LG4,0.5747399556174695
Locus_617_Contig1_1924,LG4,0.5747409556174695
Locus_617_Contig1_1231,LG4,0.5747419556174695
Locus_11549_Contig1_679,LG4,1.1561645097241546
Locus_11549_Contig1_1375,LG4,1.1561655097241545
Locus_11549_Contig1_1751,LG4,1.1561665097241547
Locus_11549_Contig1_2026,LG4,1.1561675097241546
Locus_11549_Contig1_2239,LG4,1.1561685097241545
Locus_11549_Contig1_2630,LG4,1.1561695097241547
C213398_57.0_890,LG4,1.1561705097241546
C213398_57.0_1361,LG4,1.1561715097241545
C213398_57.0_1385,LG4,1.1561725097241546
C213398_57.0_1388,LG4,1.1561735097241546
C213398_57.0_1445,LG4,1.1561745097241547
Locus_14496_Contig1_208,LG4,1.1561755097241546
scaffold843_Locus_283_0_56.4_COMPLEX_1447,LG4,1.1561765097241545
scaffold843_Locus_283_0_56.4_COMPLEX_1025,LG4,1.1561775097241547
scaffold843_Locus_283_0_56.4_COMPLEX_1200,LG4,1.1561785097241546
scaffold843_Locus_283_0_56.4_COMPLEX_1466,LG4,1.1561795097241545
scaffold843_Locus_283_0_56.4_COMPLEX_1486,LG4,1.1561805097241546
C183806_58.0_610,LG4,5.542398447378967
C183806_58.0_613,LG4,5.542399447378966
C165530_50.0_512,LG4,5.5424004473789665
scaffold21717_Locus_31075_0_56.4_LINEAR_275,LG4,6.733102672110333
C59562_19.0_205,LG4,7.9097914435599765
C178052_58.0_443,LG4,7.909792443559977
C207760_53.0_702,LG4,9.696267543113603
scaffold8483_Locus_4668_1_57.5_FORK_637,LG4,16.58891557824024
Locus_14398_Contig1_1140,LG4,18.441615882083283
scaffold24064_Locus_38293_0_59.0_LINEAR_957,LG4,25.239959769174323
scaffold22926_Locus_34390_1_50.8_FORK_581,LG4,25.239960769174324
scaffold25459_Locus_48226_0_57.6_LINEAR_427,LG4,25.23996176917432
scaffold24064_Locus_38293_0_59.0_LINEAR_723,LG4,25.239962769174323
scaffold24064_Locus_38293_0_59.0_LINEAR_1551,LG4,25.239963769174324
scaffold24064_Locus_38293_0_59.0_LINEAR_2537,LG4,25.239964769174325
scaffold15888_Locus_17561_0_61.5_BUBBLE_2757,LG4,25.828228204429173
scaffold4109_Locus_1439_1_61.3_COMPLEX_2331,LG4,27.01893042916054
C197814_50.0_670,LG4,27.018931429160542
Locus_23238_Contig1_882,LG4,27.600353983267226
Locus_23238_Contig1_681,LG4,27.600354983267227
Locus_23238_Contig1_972,LG4,27.600355983267228
Locus_23238_Contig1_2462,LG4,27.60035698326723
Locus_23238_Contig1_2807,LG4,27.600357983267227
Locus_23238_Contig1_3767,LG4,27.600358983267228
Locus_23238_Contig1_4367,LG4,27.60035998326723
Locus_23238_Contig1_4573,LG4,27.600360983267226
Locus_23238_Contig1_4659,LG4,27.600361983267227
Locus_23238_Contig1_4850,LG4,27.600362983267228
C199808_61.0_711,LG4,30.72944255711738
C216242_61.0_1516,LG4,30.729443557117378
C216242_61.0_3801,LG4,30.72944455711738
C212238_61.0_1131,LG4,31.29765183405629
C212238_61.0_1412,LG4,31.297652834056287
C210324_53.0_458,LG4,31.297653834056288
C210324_53.0_289,LG4,31.29765483405629
C210324_53.0_866,LG4,31.29765583405629
C210324_53.0_824,LG4,31.297656834056287
C210324_53.0_968,LG4,31.297657834056288
C210324_53.0_899,LG4,31.29765883405629
C210324_53.0_947,LG4,31.297659834056287
C210324_53.0_1058,LG4,31.297660834056288
C190100_58.0_710,LG4,31.29766183405629
C212238_61.0_939,LG4,31.297662834056286
C212238_61.0_1603,LG4,31.297663834056287
C212238_61.0_2046,LG4,31.297664834056288
C212238_61.0_1954,LG4,31.29766583405629
C212238_61.0_1969,LG4,31.297666834056287
scaffold1313_Locus_440_0_65.6_COMPLEX_3122,LG4,32.474355605505934
scaffold1313_Locus_440_0_65.6_COMPLEX_3065,LG4,32.47435660550593
scaffold1313_Locus_440_0_65.6_COMPLEX_3176,LG4,32.47435760550593
scaffold1313_Locus_440_0_65.6_COMPLEX_3215,LG4,32.474358605505934
scaffold1313_Locus_440_0_65.6_COMPLEX_3354,LG4,32.47435960550593
C186308_68.0_253,LG4,34.85711510061405
C209576_58.0_541,LG4,35.425322377552966
C209576_58.0_191,LG4,35.425323377552964
C209576_58.0_239,LG4,35.42532437755296
C209576_58.0_283,LG4,35.425325377552966
C209576_58.0_1303,LG4,35.42532637755296
C198066_60.0_998,LG4,36.57495520859854
C198066_60.0_719,LG4,36.57495620859854
C198066_60.0_728,LG4,36.57495720859854
C198066_60.0_977,LG4,36.57495820859854
C198066_60.0_1041,LG4,36.57495920859854
scaffold24903_Locus_42256_0_60.4_LINEAR_671,LG4,36.57496020859854
scaffold24903_Locus_42256_0_60.4_LINEAR_1977,LG4,36.574961208598545
scaffold24903_Locus_42256_0_60.4_LINEAR_1134,LG4,36.57496220859854
scaffold18820_Locus_24124_0_60.0_LINEAR_640,LG4,37.78001575404548
scaffold19685_Locus_26041_1_61.1_COMPLEX_1292,LG4,38.97071797877685
scaffold9159_Locus_5608_0_56.0_COMPLEX_502,LG4,38.970718978776844
scaffold9159_Locus_5608_0_56.0_COMPLEX_748,LG4,38.97071997877684
scaffold9159_Locus_5608_0_56.0_COMPLEX_1210,LG4,38.970720978776846
scaffold9159_Locus_5608_0_56.0_COMPLEX_1954,LG4,38.970721978776844
scaffold14516_Locus_14816_0_59.0_LINEAR_817,LG4,38.97072297877684
scaffold14516_Locus_14816_0_59.0_LINEAR_1329,LG4,38.970723978776846
scaffold14516_Locus_14816_0_59.0_LINEAR_1669,LG4,38.97072497877684
scaffold14516_Locus_14816_0_59.0_LINEAR_2333,LG4,38.97072597877684
scaffold14516_Locus_14816_0_59.0_LINEAR_3078,LG4,38.970726978776845
scaffold14516_Locus_14816_0_59.0_LINEAR_3110,LG4,38.97072797877684
scaffold14516_Locus_14816_0_59.0_LINEAR_3948,LG4,38.97072897877685
scaffold24145_Locus_38546_0_60.5_LINEAR_1244,LG4,40.10728933069578
scaffold24145_Locus_38546_0_60.5_LINEAR_793,LG4,40.107290330695776
scaffold24145_Locus_38546_0_60.5_LINEAR_812,LG4,40.10729133069578
scaffold24145_Locus_38546_0_60.5_LINEAR_1556,LG4,40.10729233069578
scaffold24145_Locus_38546_0_60.5_LINEAR_1814,LG4,40.107293330695775
scaffold24145_Locus_38546_0_60.5_LINEAR_1841,LG4,40.10729433069578
scaffold24145_Locus_38546_0_60.5_LINEAR_2087,LG4,40.10729533069578
scaffold24145_Locus_38546_0_60.5_LINEAR_2632,LG4,40.107296330695775
scaffold24145_Locus_38546_0_60.5_LINEAR_2771,LG4,40.10729733069578
scaffold24145_Locus_38546_0_60.5_LINEAR_3016,LG4,40.10729833069578
scaffold24145_Locus_38546_0_60.5_LINEAR_3328,LG4,40.107299330695774
Locus_1697_Contig1_419,LG4,40.67550660763469
Locus_1697_Contig1_437,LG4,40.675507607634685
Locus_1697_Contig1_692,LG4,40.67550860763469
Locus_1697_Contig1_1804,LG4,40.67550960763469
scaffold14516_Locus_14816_0_59.0_LINEAR_2192,LG4,40.675510607634685
scaffold8377_Locus_4511_0_57.9_COMPLEX_195,LG4,41.83851199850701
scaffold22314_Locus_32598_0_56.9_FORK_1043,LG4,41.83851299850701
C207488_59.0_779,LG4,41.838513998507004
scaffold15039_Locus_15747_0_56.7_LINEAR_963,LG4,43.64653153799766
scaffold15039_Locus_15747_0_56.7_LINEAR_1242,LG4,43.64653253799766
scaffold7265_Locus_2943_0_46.9_LINEAR_622,LG4,43.646533537997655
scaffold7265_Locus_2943_0_46.9_LINEAR_487,LG4,43.64653453799766
scaffold7265_Locus_2943_0_46.9_LINEAR_499,LG4,43.64653553799766
C212882_60.0_369,LG4,44.809536928869974
C212882_60.0_405,LG4,44.80953792886998
C212882_60.0_420,LG4,44.809538928869976
C212882_60.0_482,LG4,44.809539928869974
C212882_60.0_1266,LG4,44.80954092886998
C212882_60.0_1390,LG4,44.809541928869976
C212882_60.0_1400,LG4,44.80954292886998
C212882_60.0_1526,LG4,44.80954392886998
C212882_60.0_1617,LG4,44.809544928869975
C212882_60.0_1929,LG4,44.80954592886998
scaffold4679_Locus_1673_0_56.7_COMPLEX_2387,LG4,50.388135711725226
C207348_58.0_213,LG4,50.388136711725224
C207348_58.0_288,LG4,50.38813771172523
C207348_58.0_1188,LG4,50.388138711725226
scaffold4679_Locus_1673_0_56.7_COMPLEX_2414,LG4,50.38813971172522
scaffold4679_Locus_1673_0_56.7_COMPLEX_4015,LG4,50.38814071172523
scaffold4679_Locus_1673_0_56.7_COMPLEX_4790,LG4,50.388141711725225
scaffold21347_Locus_30137_0_55.6_LINEAR_300,LG4,50.38814271172522
scaffold21347_Locus_30137_0_55.6_LINEAR_463,LG4,50.38814371172523
C176398_57.0_167,LG4,50.388144711725225
C176398_57.0_557,LG4,50.38814571172523
C214166_53.0_1276,LG4,50.38814671172523
C214166_53.0_1760,LG4,50.388147711725225
C214166_53.0_2611,LG4,50.38814871172523
C211950_54.0_471,LG4,51.52470906364416
scaffold15171_Locus_16072_0_48.0_LINEAR_882,LG4,52.66126941556309
scaffold10619_Locus_7851_0_55.5_COMPLEX_1639,LG4,52.661270415563095
scaffold15171_Locus_16072_0_48.0_LINEAR_741,LG4,52.66127141556309
scaffold15171_Locus_16072_0_48.0_LINEAR_938,LG4,52.66127241556309
Locus_2281_Contig1_270,LG4,52.661273415563095
C195906_60.0_342,LG4,52.66127441556309
C195906_60.0_489,LG4,52.66127541556309
C195906_60.0_597,LG4,52.661276415563094
scaffold3235_Locus_1127_2_53.8_COMPLEX_535,LG4,52.66127741556309
C196906_58.0_850,LG4,52.66127841556309
C196906_58.0_1083,LG4,52.661279415563094
C196906_58.0_1095,LG4,52.66128041556309
C196906_58.0_1096,LG4,52.661281415563096
Locus_2647_Contig1_359,LG4,53.785067112119755
Locus_2647_Contig1_1633,LG4,53.78506811211975
Locus_2647_Contig1_1918,LG4,53.78506911211976
scaffold14866_Locus_15420_0_60.1_FORK_900,LG4,54.346891508421216
C203134_60.0_312,LG4,54.921630464038685
C214200_59.0_677,LG4,54.92163146403869
C203134_60.0_328,LG4,54.92163246403869
C203134_60.0_439,LG4,54.921633464038685
C203134_60.0_601,LG4,54.92163446403869
C203134_60.0_883,LG4,54.92163546403869
C203134_60.0_1463,LG4,54.921636464038684
C202490_55.0_374,LG4,54.92163746403869
C202490_55.0_853,LG4,54.921638464038686
C202490_55.0_883,LG4,54.92163946403869
C202490_55.0_994,LG4,54.92164046403869
C202490_55.0_1030,LG4,54.921641464038686
C202490_55.0_1075,LG4,54.92164246403869
scaffold18169_Locus_22582_0_59.2_LINEAR_2280,LG4,54.92164346403869
C167520_58.0_133,LG4,54.921644464038685
C200626_58.0_757,LG4,54.92164546403869
Locus_2560_Contig1_1668,LG4,54.92164646403869
Locus_2560_Contig1_1818,LG4,54.921647464038685
Locus_2560_Contig1_1988,LG4,54.92164846403869
C215308_60.0_2014,LG4,54.92164946403869
C215308_60.0_3306,LG4,54.921650464038684
Locus_1283_Contig1_1875,LG4,54.92165146403869
C197916_51.0_295,LG4,54.92165246403869
C197916_51.0_385,LG4,54.92165346403869
C197916_51.0_400,LG4,54.92165446403869
C197916_51.0_577,LG4,54.921655464038686
C197916_51.0_598,LG4,54.92165646403869
C207438_60.0_222,LG4,54.92165746403869
C207438_60.0_274,LG4,54.921658464038686
scaffold11553_Locus_9344_1_58.3_COMPLEX_870,LG4,55.4898657409776
scaffold18260_Locus_22806_0_60.3_FORK_1843,LG4,66.21475687893656
scaffold18260_Locus_22806_0_60.3_FORK_1962,LG4,66.21475787893655
scaffold18260_Locus_22806_0_60.3_FORK_654,LG4,66.21475887893655
Locus_768_Contig1_263,LG5,0
Locus_768_Contig1_260,LG5,1e-6
Locus_768_Contig1_557,LG5,2e-6
Locus_2093_Contig1_309,LG5,3e-6
Locus_2093_Contig1_320,LG5,4e-6
Locus_2093_Contig1_398,LG5,4.9999999999999996e-6
Locus_2093_Contig1_638,LG5,6e-6
Locus_2093_Contig1_647,LG5,7e-6
Locus_2093_Contig1_876,LG5,8e-6
scaffold12525_Locus_11052_0_54.3_COMPLEX_772,LG5,9e-6
scaffold12525_Locus_11052_0_54.3_COMPLEX_781,LG5,9.999999999999999e-6
scaffold12525_Locus_11052_0_54.3_COMPLEX_988,LG5,1.1e-5
C208552_60.0_1022,LG5,1.2e-5
Locus_2093_Contig1_906,LG5,1.3e-5
Locus_768_Contig1_677,LG5,1.4e-5
C184470_56.0_707,LG5,1.2197691042358014
scaffold21987_Locus_31736_0_56.1_FORK_1306,LG5,2.4248226496827434
scaffold21987_Locus_31736_0_56.1_FORK_1411,LG5,2.4248236496827436
scaffold21987_Locus_31736_0_56.1_FORK_1603,LG5,2.4248246496827432
C210854_43.0_806,LG5,5.477393069705242
C210854_43.0_877,LG5,5.477394069705242
C210854_43.0_809,LG5,5.477395069705242
C210854_43.0_1082,LG5,5.477396069705242
C212280_58.0_1970,LG5,5.477397069705241
C212280_58.0_2078,LG5,5.477398069705242
C198294_56.0_404,LG5,6.654086841154885
C198294_56.0_974,LG5,6.654087841154885
scaffold20945_Locus_29109_0_48.5_LINEAR_122,LG5,6.654088841154885
C200682_59.0_350,LG5,7.203562509124264
C200682_59.0_458,LG5,7.203563509124264
C200682_59.0_423,LG5,7.203564509124264
C211868_61.0_1007,LG5,8.366565899996587
C211868_61.0_449,LG5,8.366566899996586
C211868_61.0_1057,LG5,8.366567899996587
C211868_61.0_1278,LG5,8.366568899996587
C211868_61.0_1436,LG5,8.366569899996588
scaffold24172_Locus_38655_0_54.4_LINEAR_385,LG5,11.346283831624545
scaffold24172_Locus_38655_0_54.4_LINEAR_397,LG5,11.346284831624546
scaffold24172_Locus_38655_0_54.4_LINEAR_439,LG5,11.346285831624545
C193654_61.0_279,LG5,13.673547408274844
C193654_61.0_294,LG5,13.673548408274845
C193654_61.0_348,LG5,13.673549408274845
C193654_61.0_387,LG5,13.673550408274846
C193654_61.0_588,LG5,13.673551408274845
C193654_61.0_753,LG5,13.673552408274846
C193654_61.0_134,LG5,14.241759685213752
C181368_49.0_824,LG5,14.816498640831222
scaffold5827_Locus_2181_1_57.0_COMPLEX_1283,LG5,18.43727333779262
scaffold5827_Locus_2181_1_57.0_COMPLEX_2045,LG5,18.437274337792623
scaffold5827_Locus_2181_1_57.0_COMPLEX_2087,LG5,18.437275337792624
scaffold5827_Locus_2181_1_57.0_COMPLEX_2810,LG5,18.437276337792625
scaffold5827_Locus_2181_1_57.0_COMPLEX_2816,LG5,18.437277337792622
scaffold5827_Locus_2181_1_57.0_COMPLEX_2936,LG5,18.437278337792623
scaffold5827_Locus_2181_1_57.0_COMPLEX_2963,LG5,18.437279337792624
scaffold5827_Locus_2181_1_57.0_COMPLEX_3006,LG5,18.43728033779262
C202428_59.0_869,LG5,20.791961714285154
Locus_27651_Contig1_513,LG5,20.791962714285155
Locus_27651_Contig1_648,LG5,20.791963714285156
Locus_27651_Contig1_579,LG5,20.791964714285154
Locus_27651_Contig1_585,LG5,20.791965714285155
scaffold25500_Locus_49384_0_60.0_LINEAR_3247,LG5,21.941594545330737
scaffold25500_Locus_49384_0_60.0_LINEAR_3397,LG5,21.941595545330735
C201820_50.0_281,LG5,23.686490593719284
Locus_221_Contig1_992,LG5,24.84949198459161
scaffold7135_Locus_2851_1_57.7_COMPLEX_1351,LG5,24.849492984591606
scaffold7135_Locus_2851_1_57.7_COMPLEX_1352,LG5,24.849493984591607
scaffold7135_Locus_2851_1_57.7_COMPLEX_1360,LG5,24.849494984591608
Locus_221_Contig1_1064,LG5,24.84949598459161
Locus_221_Contig1_1157,LG5,24.849496984591607
C176868_60.0_377,LG5,24.849497984591608
C176868_60.0_571,LG5,24.84949898459161
C176868_60.0_594,LG5,24.849499984591606
scaffold7135_Locus_2851_1_57.7_COMPLEX_963,LG5,24.849500984591607
scaffold7135_Locus_2851_1_57.7_COMPLEX_1319,LG5,24.84950198459161
scaffold7135_Locus_2851_1_57.7_COMPLEX_1344,LG5,24.84950298459161
scaffold7135_Locus_2851_1_57.7_COMPLEX_1378,LG5,24.849503984591607
scaffold7135_Locus_2851_1_57.7_COMPLEX_1387,LG5,24.849504984591608
scaffold7135_Locus_2851_1_57.7_COMPLEX_1389,LG5,24.84950598459161
Locus_221_Contig1_1580,LG5,24.849506984591606
C210024_58.0_401,LG5,29.128214389487344
C210024_58.0_437,LG5,29.128215389487345
C210024_58.0_439,LG5,29.128216389487346
C210024_58.0_589,LG5,29.128217389487343
C210024_58.0_1639,LG5,29.128218389487344
scaffold10263_Locus_7328_0_60.0_COMPLEX_1224,LG5,31.569181128585246
scaffold10266_Locus_7328_3_65.3_COMPLEX_922,LG5,31.569182128585243
scaffold20925_Locus_29043_0_60.8_FORK_731,LG5,31.569183128585244
C215956_61.0_3824,LG5,31.569184128585245
C180794_57.0_881,LG5,31.569185128585247
C215576_60.0_702,LG5,31.569186128585244
C215576_60.0_3307,LG5,31.569187128585245
C215576_60.0_3597,LG5,31.569188128585246
scaffold21264_Locus_29938_0_42.4_LINEAR_851,LG5,31.569189128585244
C211718_61.0_646,LG5,31.569190128585245
C211718_61.0_916,LG5,31.569191128585246
C211718_61.0_1831,LG5,31.569192128585247
C177350_54.0_447,LG5,33.35566722813887
scaffold16358_Locus_18570_0_60.0_LINEAR_1095,LG5,33.35566822813887
Locus_542_Contig1_1604,LG5,37.259687497020934
Locus_542_Contig1_1715,LG5,37.25968849702093
Locus_542_Contig1_1739,LG5,37.259689497020936
scaffold24080_Locus_38331_1_60.2_FORK_271,LG5,37.854956714363894
scaffold24080_Locus_38331_1_60.2_FORK_301,LG5,37.85495771436389
scaffold24080_Locus_38331_1_60.2_FORK_343,LG5,37.854958714363896
scaffold24080_Locus_38331_1_60.2_FORK_512,LG5,37.85495971436389
scaffold24080_Locus_38331_1_60.2_FORK_539,LG5,37.85496071436389
scaffold25535_Locus_50938_0_58.0_LINEAR_4754,LG5,39.68504681494627
scaffold25535_Locus_50938_0_58.0_LINEAR_2024,LG5,39.685047814946266
C191772_31.0_487,LG5,43.53881581062772
Locus_4728_Contig1_150,LG5,45.368901911210095
C195042_51.0_854,LG5,45.36890291121009
C195042_51.0_1096,LG5,45.36890391121009
Locus_4728_Contig1_1531,LG5,45.368904911210095
scaffold21109_Locus_29570_0_51.7_COMPLEX_763,LG5,45.36890591121009
scaffold21172_Locus_29732_0_58.4_FORK_1113,LG5,46.573959456657036
scaffold16733_Locus_19387_0_57.9_COMPLEX_3815,LG5,47.79371456089284
Locus_7528_Contig1_1073,LG5,48.9844167856242
C207914_61.0_1066,LG5,48.9844177856242
C207914_61.0_1351,LG5,48.9844187856242
C207914_61.0_1468,LG5,48.9844197856242
C207914_61.0_1513,LG5,48.9844207856242
C207914_61.0_1625,LG5,48.9844217856242
Locus_7528_Contig1_1721,LG5,48.9844227856242
C215324_58.0_3472,LG5,49.565845339730885
scaffold16480_Locus_18831_1_61.1_FORK_1785,LG5,49.56584633973088
C193432_61.0_769,LG5,49.56584733973088
scaffold16480_Locus_18831_1_61.1_FORK_2621,LG5,49.565848339730884
scaffold16479_Locus_18831_0_40.6_FORK_470,LG5,49.56584933973088
scaffold16092_Locus_18029_0_50.8_COMPLEX_951,LG5,49.56585033973088
scaffold16092_Locus_18029_0_50.8_COMPLEX_981,LG5,49.565851339730884
C202882_62.0_387,LG5,51.37386887922153
C202882_62.0_1344,LG5,51.37386987922154
C185410_59.0_844,LG5,51.96213331447638
C162466_55.0_27,LG5,51.96213431447638
scaffold5244_Locus_1903_0_52.6_COMPLEX_281,LG5,52.5645741039529
Locus_32362_Contig1_555,LG5,54.37259164344355
C196640_52.0_442,LG5,54.37259264344355
C196640_52.0_513,LG5,54.37259364344355
C196640_52.0_1093,LG5,54.37259464344355
Locus_32362_Contig1_327,LG5,54.372595643443546
Locus_32362_Contig1_354,LG5,54.37259664344355
Locus_32362_Contig1_437,LG5,54.37259764344355
C84404_21.0_63,LG5,54.372598643443546
C84404_21.0_181,LG5,54.37259964344355
Locus_10297_Contig1_734,LG5,56.13803982379238
Locus_10297_Contig1_1249,LG5,56.13804082379239
Locus_7003_Contig1_794,LG5,56.138041823792385
Locus_7003_Contig1_836,LG5,56.13804282379238
scaffold16251_Locus_18335_0_52.9_COMPLEX_280,LG5,56.13804382379239
Locus_2876_Contig1_3093,LG5,59.267123397642536
Locus_2876_Contig1_3390,LG5,59.26712439764253
Locus_2876_Contig1_3576,LG5,59.26712539764254
C205388_59.0_1315,LG5,59.85538883289738
C205388_59.0_565,LG5,59.85538983289738
C205388_59.0_1081,LG5,59.855390832897385
C204826_56.0_475,LG5,60.42359810983629
C192652_52.0_362,LG5,60.42359910983629
C195686_63.0_442,LG5,60.9918063867752
C195686_63.0_817,LG5,60.9918073867752
scaffold19598_Locus_25862_0_60.2_LINEAR_812,LG5,60.9918083867752
scaffold19598_Locus_25862_0_60.2_LINEAR_941,LG5,60.9918093867752
scaffold102_Locus_31_4_43.3_COMPLEX_187,LG5,60.9918103867752
C205280_62.0_708,LG5,60.991811386775204
C205280_62.0_1272,LG5,60.9918123867752
C205280_62.0_1341,LG5,60.9918133867752
C201160_56.0_982,LG5,60.991814386775204
C206576_60.0_1355,LG5,62.128374738694134
C213776_60.0_322,LG5,64.5398823933832
C213776_60.0_325,LG5,64.53988339338319
C213776_60.0_1987,LG5,64.53988439338319
C193204_61.0_502,LG5,65.1080916703221
scaffold15870_Locus_17521_0_60.5_LINEAR_676,LG5,65.1080926703221
scaffold15870_Locus_17521_0_60.5_LINEAR_1042,LG5,65.1080936703221
C193204_61.0_751,LG5,65.1080946703221
C193204_61.0_943,LG5,65.1080956703221
C176528_56.0_497,LG5,66.83291845749588
C176528_56.0_453,LG5,66.83291945749588
C176528_56.0_544,LG5,66.83292045749587
C185360_56.0_271,LG5,66.83292145749589
C185360_56.0_285,LG5,66.83292245749588
C185360_56.0_649,LG5,66.83292345749588
C185360_56.0_650,LG5,66.83292445749588
C131516_20.0_169,LG5,66.83292545749588
scaffold6580_Locus_2547_1_57.1_BUBBLE_915,LG5,69.16018703414619
C131508_42.0_328,LG5,70.35088925887756
C210180_54.0_1614,LG5,75.70458996901836
C210180_54.0_1794,LG5,75.70459096901835
C190988_54.0_652,LG5,78.17573783493417
C190988_54.0_922,LG5,78.17573883493417
C152482_51.0_136,LG5,82.79409241491764
C171954_58.0_426,LG5,82.79409341491764
C213718_59.0_753,LG5,83.40388074302162
C213718_59.0_984,LG5,83.40388174302161
C213718_59.0_1611,LG5,83.40388274302161
C213718_59.0_1356,LG5,83.40388374302161
C171954_58.0_17,LG5,83.40388474302162
C198230_57.0_823,LG6,0
C204648_61.0_1442,LG6,1e-6
C180482_59.0_553,LG6,2e-6
C180482_59.0_562,LG6,3e-6
C180482_59.0_658,LG6,4e-6
C180482_59.0_751,LG6,4.9999999999999996e-6
C198230_57.0_1192,LG6,6e-6
C208872_59.0_1095,LG6,1.7864810995536262
C208872_59.0_1182,LG6,1.7864820995536261
scaffold15834_Locus_17463_0_36.6_LINEAR_2568,LG6,8.158789340273382
scaffold15834_Locus_17463_0_36.6_LINEAR_2931,LG6,8.15879034027338
scaffold24265_Locus_39139_0_50.5_LINEAR_1013,LG6,9.349492565004748
scaffold24265_Locus_39139_0_50.5_LINEAR_610,LG6,9.349493565004748
scaffold24265_Locus_39139_0_50.5_LINEAR_696,LG6,9.349494565004747
scaffold24265_Locus_39139_0_50.5_LINEAR_770,LG6,9.349495565004748
scaffold24265_Locus_39139_0_50.5_LINEAR_1049,LG6,9.349496565004747
scaffold24265_Locus_39139_0_50.5_LINEAR_1134,LG6,9.349497565004748
scaffold24265_Locus_39139_0_50.5_LINEAR_1310,LG6,9.349498565004748
C203290_57.0_280,LG6,9.349499565004749
C211910_59.0_565,LG6,11.094394613393296
C211910_59.0_691,LG6,11.094395613393296
C211910_59.0_736,LG6,11.094396613393297
C211910_59.0_904,LG6,11.094397613393296
C171772_55.0_189,LG6,11.094398613393297
C171772_55.0_331,LG6,11.094399613393296
scaffold24209_Locus_38863_0_61.2_LINEAR_2076,LG6,12.25740100426562
scaffold9186_Locus_5651_0_59.7_COMPLEX_269,LG6,14.640156499373743
scaffold9186_Locus_5651_0_59.7_COMPLEX_666,LG6,14.640157499373743
C214008_61.0_1147,LG6,17.692725919396242
scaffold19226_Locus_25021_1_59.4_FORK_1478,LG6,24.310040775073297
scaffold19226_Locus_25021_1_59.4_FORK_350,LG6,24.310041775073294
scaffold19226_Locus_25021_1_59.4_FORK_422,LG6,24.310042775073295
scaffold19226_Locus_25021_1_59.4_FORK_482,LG6,24.310043775073297
scaffold19226_Locus_25021_1_59.4_FORK_542,LG6,24.310044775073294
scaffold19226_Locus_25021_1_59.4_FORK_1070,LG6,24.310045775073295
scaffold19226_Locus_25021_1_59.4_FORK_1247,LG6,24.310046775073296
scaffold19226_Locus_25021_1_59.4_FORK_1449,LG6,24.310047775073297
scaffold19226_Locus_25021_1_59.4_FORK_1503,LG6,24.310048775073295
Locus_5006_Contig1_718,LG6,27.289762706701254
scaffold12632_Locus_11251_0_54.1_COMPLEX_1034,LG6,27.857969983640164
C210296_58.0_497,LG6,31.47874468060156
C210296_58.0_1699,LG6,31.478745680601563
scaffold12990_Locus_11893_0_59.6_COMPLEX_1312,LG6,33.20356846777535
C199880_58.0_1138,LG6,34.92839125494913
scaffold9387_Locus_5964_0_57.8_COMPLEX_1835,LG6,34.92839225494914
scaffold14891_Locus_15474_0_57.6_FORK_673,LG6,34.928393254949135
scaffold23539_Locus_36373_0_59.1_FORK_1034,LG6,35.49660053188804
scaffold13326_Locus_12486_0_55.0_BUBBLE_880,LG6,35.49660153188805
C201984_62.0_536,LG6,35.496602531888044
Locus_8018_Contig1_2611,LG6,35.49660353188804
scaffold24805_Locus_41690_0_59.0_LINEAR_652,LG6,35.496604531888046
scaffold16298_Locus_18433_1_48.8_BUBBLE_483,LG6,36.06481180882695
C215940_56.0_1170,LG6,36.06481280882695
C215940_56.0_2848,LG6,36.064813808826955
C215940_56.0_2938,LG6,36.06481480882695
C213302_58.0_229,LG6,36.06481580882696
C213302_58.0_718,LG6,36.064816808826954
C213302_58.0_1099,LG6,36.06481780882695
C213302_58.0_1264,LG6,36.064818808826956
C213302_58.0_1705,LG6,36.064819808826954
Locus_1808_Contig2_3546,LG6,36.06482080882695
Locus_2314_Contig1_854,LG6,36.064821808826956
C214198_61.0_2381,LG6,36.639560764444425
C214198_61.0_1703,LG6,36.63956176444442
scaffold11354_Locus_9057_0_53.3_LINEAR_1129,LG6,36.63956276444443
C213320_61.0_2259,LG6,36.639563764444425
C213210_55.0_1672,LG6,36.63956476444442
C210768_60.0_1560,LG6,36.63956576444443
Locus_19878_Contig1_304,LG6,37.844619309891364
Locus_19878_Contig1_1374,LG6,37.84462030989137
Locus_19878_Contig1_1449,LG6,37.844621309891366
scaffold8866_Locus_5223_0_54.9_COMPLEX_863,LG6,38.439888527234324
Locus_15558_Contig1_189,LG6,39.028151962489176
scaffold22550_Locus_33313_0_54.0_LINEAR_785,LG6,39.02815296248917
Locus_15558_Contig1_285,LG6,39.02815396248917
Locus_15558_Contig1_342,LG6,39.028154962489175
scaffold7360_Locus_3076_1_50.4_COMPLEX_2116,LG6,42.88192295817063
scaffold7360_Locus_3076_1_50.4_COMPLEX_2423,LG6,42.881923958170624
scaffold25340_Locus_46072_0_53.5_LINEAR_2311,LG6,44.10167906240643
C194214_55.0_517,LG6,44.66350145870789
scaffold25291_Locus_45336_0_56.4_LINEAR_481,LG6,44.66350245870789
C194214_55.0_501,LG6,44.66350345870789
C194214_55.0_641,LG6,44.66350445870789
C194214_55.0_665,LG6,44.66350545870789
C194214_55.0_702,LG6,44.66350645870789
C194214_55.0_743,LG6,44.66350745870789
C194214_55.0_802,LG6,44.663508458707895
C194214_55.0_803,LG6,44.66350945870789
C194214_55.0_896,LG6,44.66351045870789
C194214_55.0_967,LG6,44.663511458707895
C194214_55.0_1010,LG6,44.66351245870789
C194214_55.0_1013,LG6,44.66351345870789
C212660_55.0_1529,LG6,45.21298712667728
C212660_55.0_1097,LG6,45.212988126677274
Locus_2038_Contig1_1357,LG6,45.77481052297873
Locus_2038_Contig1_1045,LG6,45.77481152297874
Locus_2038_Contig1_1867,LG6,45.774812522978735
Locus_2038_Contig1_1909,LG6,45.77481352297873
Locus_2038_Contig1_2115,LG6,45.77481452297874
Locus_2038_Contig1_2393,LG6,45.774815522978734
Locus_16062_Contig1_236,LG6,46.34955447859621
C195600_53.0_826,LG6,48.70423585508874
scaffold4755_Locus_1700_0_59.5_COMPLEX_626,LG6,49.27244313202765
scaffold4755_Locus_1700_0_59.5_COMPLEX_71,LG6,49.27244413202765
scaffold4756_Locus_1700_1_59.2_COMPLEX_88,LG6,49.27244513202765
scaffold4756_Locus_1700_1_59.2_COMPLEX_162,LG6,49.272446132027646
scaffold4756_Locus_1700_1_59.2_COMPLEX_213,LG6,49.27244713202765
scaffold4756_Locus_1700_1_59.2_COMPLEX_229,LG6,49.27244813202765
scaffold4756_Locus_1700_1_59.2_COMPLEX_231,LG6,49.272449132027646
scaffold4756_Locus_1700_1_59.2_COMPLEX_316,LG6,49.27245013202765
scaffold4756_Locus_1700_1_59.2_COMPLEX_475,LG6,49.27245113202765
scaffold4756_Locus_1700_1_59.2_COMPLEX_583,LG6,49.272452132027645
scaffold4756_Locus_1700_1_59.2_COMPLEX_586,LG6,49.27245313202765
scaffold4756_Locus_1700_1_59.2_COMPLEX_589,LG6,49.27245413202765
scaffold4756_Locus_1700_1_59.2_COMPLEX_613,LG6,49.27245513202765
scaffold4756_Locus_1700_1_59.2_COMPLEX_633,LG6,49.27245613202765
scaffold4756_Locus_1700_1_59.2_COMPLEX_707,LG6,49.27245713202765
scaffold4755_Locus_1700_0_59.5_COMPLEX_616,LG6,49.83427952832911
C213600_58.0_1285,LG6,50.97083988024804
C213600_58.0_312,LG6,50.97084088024804
C213600_58.0_316,LG6,50.970841880248045
C213600_58.0_1333,LG6,50.97084288024804
C213600_58.0_1345,LG6,50.97084388024804
C213600_58.0_1534,LG6,50.970844880248045
C213600_58.0_1969,LG6,50.97084588024804
C194226_40.0_462,LG6,50.97084688024804
C213600_58.0_1720,LG6,50.970847880248044
C182858_54.0_273,LG6,58.16290069154256
C182858_54.0_375,LG6,58.16290169154256
C182858_54.0_457,LG6,58.16290269154256
C198726_57.0_479,LG6,58.16290369154256
C198726_57.0_769,LG6,58.162904691542565
scaffold11294_Locus_8960_0_26.3_LINEAR_703,LG6,58.737643647160034
scaffold11294_Locus_8960_0_26.3_LINEAR_976,LG6,58.73764464716003
scaffold11294_Locus_8960_0_26.3_LINEAR_1553,LG6,58.737645647160036
C192194_57.0_523,LG6,59.30585292409894
C192194_57.0_943,LG6,59.30585392409894
C186430_51.0_620,LG6,61.63311550074925
scaffold4937_Locus_1772_0_61.5_COMPLEX_1297,LG6,61.633116500749246
C186430_51.0_645,LG6,61.63311750074924
C186430_51.0_825,LG6,61.63311850074925
C186430_51.0_905,LG6,61.633119500749245
C186430_51.0_939,LG6,61.63312050074924
C200440_59.0_353,LG6,62.19494289705071
C191990_56.0_880,LG6,62.75676529335217
C202520_53.0_205,LG6,63.91976668422449
C188506_53.0_851,LG6,63.91976768422449
C188506_53.0_852,LG6,63.919768684224486
C188506_53.0_854,LG6,63.91976968422449
C188506_53.0_886,LG6,63.91977068422449
C188506_53.0_801,LG6,63.919771684224486
C188506_53.0_890,LG6,63.91977268422449
C215290_62.0_1692,LG6,66.30252817933261
C215290_62.0_3326,LG6,66.30252917933261
C165636_44.0_372,LG6,66.3025301793326
C165636_44.0_444,LG6,66.30253117933262
C208732_61.0_821,LG6,68.57682663447578
C210452_55.0_1651,LG6,68.57682763447578
C208844_49.0_1380,LG6,68.57682863447577
C208844_49.0_1443,LG6,68.57682963447577
C208844_49.0_1626,LG6,68.57683063447577
scaffold12100_Locus_10264_0_57.5_LINEAR_2798,LG6,68.57683163447578
scaffold5618_Locus_2084_0_58.1_COMPLEX_601,LG6,68.57683263447578
scaffold5618_Locus_2084_0_58.1_COMPLEX_1870,LG6,68.57683363447578
C208732_61.0_1529,LG6,68.57683463447577
C208732_61.0_1541,LG6,68.57683563447577
C215634_55.0_2734,LG6,69.14504291141468
C215634_55.0_838,LG6,69.14504391141469
C215634_55.0_2509,LG6,69.14504491141469
C188880_55.0_201,LG6,69.73330834666953
C188880_55.0_231,LG6,69.73330934666953
C188880_55.0_487,LG6,69.73331034666953
C212108_54.0_940,LG6,69.73331134666954
C192336_56.0_848,LG6,70.32857856401249
C188880_55.0_708,LG6,70.32857956401249
scaffold17470_Locus_20924_0_61.1_COMPLEX_1310,LG6,70.90331851962995
scaffold17470_Locus_20924_0_61.1_COMPLEX_728,LG6,70.90331951962995
scaffold17470_Locus_20924_0_61.1_COMPLEX_953,LG6,70.90332051962994
scaffold17470_Locus_20924_0_61.1_COMPLEX_1070,LG6,70.90332151962996
scaffold17470_Locus_20924_0_61.1_COMPLEX_1076,LG6,70.90332251962995
scaffold17470_Locus_20924_0_61.1_COMPLEX_1145,LG6,70.90332351962995
scaffold17470_Locus_20924_0_61.1_COMPLEX_1331,LG6,70.90332451962995
C209178_59.0_625,LG6,70.903325519629945
C209178_59.0_626,LG6,70.90332651962996
C209178_59.0_700,LG6,70.90332751962995
C209178_59.0_751,LG6,70.90332851962995
C209178_59.0_754,LG6,70.90332951962995
C209178_59.0_757,LG6,70.90333051962995
C209178_59.0_818,LG6,70.90333151962994
C209178_59.0_1183,LG6,70.90333251962996
C209178_59.0_1246,LG6,70.90333351962995
C209178_59.0_1687,LG6,70.90333451962995
C209178_59.0_1907,LG6,70.90333551962995
C183868_56.0_617,LG6,70.90333651962995
C183868_56.0_661,LG6,70.90333751962994
C183868_56.0_729,LG6,70.90333851962995
C167734_56.0_243,LG6,70.90333951962995
scaffold2608_Locus_885_1_56.5_COMPLEX_204,LG6,70.90334051962995
scaffold6278_Locus_2404_0_59.4_COMPLEX_1357,LG6,72.05296935067553
scaffold19040_Locus_24618_0_54.5_LINEAR_738,LG6,73.90566965451856
scaffold7950_Locus_3907_0_54.4_LINEAR_462,LG6,73.90567065451857
scaffold19040_Locus_24618_0_54.5_LINEAR_821,LG6,73.90567165451857
Locus_1001_Contig1_797,LG6,74.48709420862525
C163318_40.0_368,LG6,75.06851676273193
C163318_40.0_363,LG6,75.06851776273193
C204158_61.0_237,LG6,77.48002541742098
C204158_61.0_243,LG6,77.48002641742099
C204158_61.0_475,LG6,77.48002741742098
C211704_59.0_739,LG6,77.48002841742098
C213846_52.0_2173,LG7,0
C168680_54.0_621,LG7,0.5882634352548509
C199474_62.0_122,LG7,1.7512648261271737
C199474_62.0_143,LG7,1.7512658261271736
C209546_60.0_580,LG7,2.8878261780461036
C209546_60.0_250,LG7,2.8878271780461033
C209546_60.0_338,LG7,2.8878281780461035
C209546_60.0_370,LG7,2.8878291780461036
C209546_60.0_691,LG7,2.8878301780461033
C209546_60.0_820,LG7,2.8878311780461035
C209546_60.0_925,LG7,2.8878321780461036
C209546_60.0_1162,LG7,2.8878331780461037
C209546_60.0_1627,LG7,2.8878341780461034
C209000_56.0_710,LG7,2.8878351780461036
scaffold12264_Locus_10584_0_52.1_LINEAR_359,LG7,2.8878361780461037
scaffold12264_Locus_10584_0_52.1_LINEAR_321,LG7,2.8878371780461034
scaffold19838_Locus_26353_0_44.1_LINEAR_572,LG7,4.064525949495747
scaffold25216_Locus_44698_0_49.5_LINEAR_4195,LG7,4.064526949495747
scaffold25216_Locus_44698_0_49.5_LINEAR_4196,LG7,4.064527949495747
C184098_57.0_318,LG7,4.659795166838707
scaffold20070_Locus_26951_0_53.8_LINEAR_1237,LG7,5.26223495631522
scaffold20070_Locus_26951_0_53.8_LINEAR_1240,LG7,5.26223595631522
scaffold17569_Locus_21151_0_48.0_LINEAR_657,LG7,5.850499391570072
scaffold17569_Locus_21151_0_48.0_LINEAR_53,LG7,5.850500391570071
scaffold17569_Locus_21151_0_48.0_LINEAR_109,LG7,5.850501391570071
scaffold17569_Locus_21151_0_48.0_LINEAR_1245,LG7,5.850502391570071
scaffold17569_Locus_21151_0_48.0_LINEAR_1806,LG7,5.850503391570071
C210136_57.0_238,LG7,6.4457706089130316
C210136_57.0_244,LG7,6.445771608913032
scaffold20453_Locus_27859_1_60.5_COMPLEX_1679,LG7,8.211211789261867
scaffold5252_Locus_1908_0_56.3_BUBBLE_720,LG7,12.769251709110732
C212246_60.0_1751,LG7,12.76925270911073
C215660_61.0_1126,LG7,15.821821129133228
C215660_61.0_1204,LG7,15.82182212913323
C215660_61.0_2542,LG7,15.821823129133229
C215660_61.0_2695,LG7,15.82182412913323
C215472_56.0_2713,LG7,18.233331783822283
C210352_51.0_693,LG7,20.086032087665327
C210352_51.0_912,LG7,20.086033087665328
C210352_51.0_1119,LG7,20.08603408766533
C210352_51.0_1269,LG7,20.086035087665326
scaffold3470_Locus_1208_0_57.5_COMPLEX_2452,LG7,20.086036087665327
scaffold3470_Locus_1208_0_57.5_COMPLEX_2296,LG7,20.08603708766533
scaffold3470_Locus_1208_0_57.5_COMPLEX_2770,LG7,20.08603808766533
C214120_59.0_825,LG7,22.46879358277345
C214120_59.0_158,LG7,22.46879458277345
C214120_59.0_252,LG7,22.468795582773453
C214120_59.0_713,LG7,22.46879658277345
C214120_59.0_1187,LG7,22.46879758277345
C214120_59.0_1373,LG7,22.468798582773452
C214120_59.0_1530,LG7,22.468799582773453
C214120_59.0_2025,LG7,22.46880058277345
C214120_59.0_2430,LG7,22.46880158277345
scaffold12394_Locus_10806_1_53.3_FORK_300,LG7,23.057065018028304
Locus_4462_Contig1_209,LG7,24.932945666601153
scaffold23672_Locus_36867_0_61.3_FORK_1517,LG7,38.76757762122082
C170650_59.0_417,LG7,38.76757862122082
C197962_48.0_1120,LG7,39.95828084595219
C200692_56.0_1218,LG7,41.788366946534566
C200692_56.0_337,LG7,41.788367946534564
C200692_56.0_939,LG7,41.78836894653456
C212666_59.0_1282,LG7,42.96505771798421
C212666_59.0_1291,LG7,42.965058717984206
C212666_59.0_1342,LG7,42.965059717984204
C196784_59.0_369,LG7,47.52309963783307
Locus_31413_Contig1_1002,LG7,50.089454489335154
C201422_52.0_567,LG7,53.17980438851457
C206434_59.0_1226,LG7,53.17980538851457
C201422_52.0_498,LG7,53.17980638851457
Locus_341_Contig1_197,LG7,53.179807388514575
scaffold13391_Locus_12637_0_45.6_LINEAR_548,LG7,53.17980838851457
C216150_61.0_480,LG7,56.15952232014253
Locus_15833_Contig1_724,LG7,56.740944874249216
C180946_58.0_222,LG7,57.96069997848502
C180946_58.0_417,LG7,57.960700978485015
scaffold6078_Locus_2301_0_52.0_FORK_2550,LG7,57.96070197848502
scaffold6078_Locus_2301_0_52.0_FORK_2591,LG7,57.96070297848502
scaffold6078_Locus_2301_0_52.0_FORK_2617,LG7,57.960703978485014
scaffold6078_Locus_2301_0_52.0_FORK_2700,LG7,57.96070497848502
C189760_56.0_500,LG7,57.96070597848502
C189760_56.0_335,LG7,57.960706978485014
C189760_56.0_797,LG7,57.96070797848502
scaffold17091_Locus_20175_0_58.4_FORK_2247,LG7,58.53544693410249
C194514_59.0_359,LG7,58.535447934102486
C194514_59.0_717,LG7,58.53544893410249
scaffold17091_Locus_20175_0_58.4_FORK_2119,LG7,58.53544993410249
scaffold24266_Locus_39149_0_49.5_LINEAR_1081,LG7,62.15622463106389
scaffold7849_Locus_3750_0_54.8_LINEAR_491,LG7,62.15622563106389
C197728_60.0_581,LG7,62.15622663106389
C197728_60.0_616,LG7,62.15622763106389
C197728_60.0_716,LG7,62.15622863106389
scaffold7849_Locus_3750_0_54.8_LINEAR_412,LG7,62.15622963106389
scaffold7849_Locus_3750_0_54.8_LINEAR_518,LG7,62.15623063106389
C191654_54.0_1034,LG7,66.99051645557739
scaffold11589_Locus_9403_1_60.4_FORK_4958,LG7,66.99051745557739
C194446_58.0_970,LG7,66.99051845557739
C189192_52.0_201,LG7,66.99051945557738
C189192_52.0_205,LG7,66.99052045557738
C189192_52.0_702,LG7,66.99052145557738
C191654_54.0_642,LG7,66.99052245557739
C191654_54.0_679,LG7,66.99052345557739
C191654_54.0_793,LG7,66.99052445557739
C191654_54.0_1001,LG7,66.99052545557738
C191654_54.0_1057,LG7,66.99052645557738
