Column1,Column2,Column3,Column4,Column5,Column6,Column7,Column8,Column9,Column10,Column11,Column12,Column13,Column14,Column15
scaffold20706_Locus_28526_0_45.3_LINEAR,GAU48978.1,87.714,643,68,5,201,2123,2,635,0,1036,93.93,3,0
scaffold20706_Locus_28526_0_45.3_LINEAR,XP_003601283.1,83.489,642,92,5,201,2123,2,630,0,1025,89.88,3,0
scaffold20706_Locus_28526_0_45.3_LINEAR,XP_004501935.1,87.654,648,64,7,201,2123,2,640,0,1019,93.52,3,0
scaffold20706_Locus_28526_0_45.3_LINEAR,PNY13944.1,87.184,554,61,5,201,1856,2,547,0,865,93.68,3,0
scaffold20706_Locus_28526_0_45.3_LINEAR,XP_003522373.1,70.872,642,175,5,204,2123,1,632,0,844,82.24,3,0
scaffold20706_Locus_28526_0_45.3_LINEAR,XP_016203196.1,73.556,658,145,9,195,2123,2,645,0,844,84.19,3,0
scaffold20706_Locus_28526_0_45.3_LINEAR,XP_007138087.1,71.142,648,176,5,204,2123,1,645,0,843,83.49,3,0
scaffold20706_Locus_28526_0_45.3_LINEAR,XP_015967725.1,73.323,656,151,8,195,2123,2,646,0,841,84.6,3,0
scaffold20706_Locus_28526_0_45.3_LINEAR,XP_025701602.1,73.323,656,151,8,195,2123,2,646,0,838,84.45,3,0
scaffold20706_Locus_28526_0_45.3_LINEAR,RDX80819.1,74.056,609,149,4,300,2123,381,981,0,836,83.25,3,0
scaffold20706_Locus_28526_0_45.3_LINEAR,XP_020230293.1,71.142,648,160,7,201,2123,2,629,0,833,80.56,3,0
scaffold20706_Locus_28526_0_45.3_LINEAR,XP_014501528.1,69.147,645,185,6,204,2123,1,636,0,827,82.02,3,0
scaffold20706_Locus_28526_0_45.3_LINEAR,XP_017421979.1,69.195,646,184,7,204,2123,1,637,0,825,81.89,3,0
scaffold20706_Locus_28526_0_45.3_LINEAR,XP_003528152.1,69.267,641,182,7,219,2123,3,634,0,817,80.66,3,0
scaffold20706_Locus_28526_0_45.3_LINEAR,KYP52478.1,71.635,624,150,7,273,2123,346,949,0,816,80.61,3,0
scaffold20706_Locus_28526_0_45.3_LINEAR,XP_019437163.1,69.41,644,175,7,195,2123,1,623,0,814,81.83,3,0
scaffold20706_Locus_28526_0_45.3_LINEAR,XP_019437162.1,68.558,652,177,7,195,2123,1,633,0,812,80.83,3,0
scaffold20706_Locus_28526_0_45.3_LINEAR,XP_015970464.1,75.084,594,137,4,351,2123,40,625,0,811,85.69,3,0
scaffold20706_Locus_28526_0_45.3_LINEAR,XP_024633747.1,83.074,514,76,3,582,2123,1,503,0,809,89.3,3,0
scaffold20706_Locus_28526_0_45.3_LINEAR,XP_025603684.1,74.916,594,138,4,351,2123,40,625,0,807,85.52,3,0
scaffold20706_Locus_28526_0_45.3_LINEAR,XP_016191481.1,73.906,594,141,5,351,2123,40,622,0,790,84.68,3,0
scaffold20706_Locus_28526_0_45.3_LINEAR,XP_019464075.1,67.594,611,187,5,303,2123,23,626,0,781,80.2,3,0
scaffold20706_Locus_28526_0_45.3_LINEAR,OIW15392.1,68.528,591,128,4,477,2123,25,599,0,721,78.34,3,0
scaffold20706_Locus_28526_0_45.3_LINEAR,XP_019464083.1,65.642,553,179,5,303,1949,23,568,0,672,78.3,3,0
scaffold20706_Locus_28526_0_45.3_LINEAR,KRH54411.1,67.027,555,168,7,213,1859,1,546,0,664,78.56,3,0
scaffold20706_Locus_28526_0_45.3_LINEAR,XP_007138088.1,67.111,450,139,4,204,1529,1,449,1.57E-172,533,80.44,3,0
scaffold20706_Locus_28526_0_45.3_LINEAR,XP_004508896.1,51.365,586,260,5,369,2123,47,608,4.76E-170,532,69.11,3,0
scaffold20706_Locus_28526_0_45.3_LINEAR,XP_003601282.1,77.2,250,54,2,4257,5000,48,296,6.08E-119,380,84,3,0
scaffold20706_Locus_28526_0_45.3_LINEAR,XP_004501936.1,77.419,248,42,3,4257,5000,33,266,9.16E-119,379,83.47,3,0
scaffold20706_Locus_28526_0_45.3_LINEAR,XP_003541783.2,37.304,638,365,14,267,2117,18,641,9.47E-104,351,56.27,3,0
scaffold20706_Locus_28526_0_45.3_LINEAR,GAU48982.1,73.2,250,41,5,4257,5000,33,258,1.51E-103,335,78.8,3,0
scaffold20706_Locus_28526_0_45.3_LINEAR,KHN19019.1,37.304,638,365,14,267,2117,11,634,1.72E-103,350,56.27,3,0
scaffold20706_Locus_28526_0_45.3_LINEAR,XP_020221250.1,37.966,590,317,9,408,2117,80,640,2.64E-101,344,56.27,3,0
scaffold20706_Locus_28526_0_45.3_LINEAR,KYP63079.1,37.966,590,317,9,408,2117,70,630,3.74E-101,343,56.27,3,0
scaffold20706_Locus_28526_0_45.3_LINEAR,XP_003532602.2,39.049,589,328,12,405,2117,122,697,1.08E-99,341,58.23,3,0
scaffold20706_Locus_28526_0_45.3_LINEAR,XP_019421614.1,37.896,599,326,13,420,2123,117,700,1.45E-97,335,57.6,3,0
scaffold20706_Locus_28526_0_45.3_LINEAR,XP_020230327.1,67.46,252,64,6,4257,4985,27,269,1.50E-96,316,73.81,3,0
scaffold20706_Locus_28526_0_45.3_LINEAR,GAU48981.1,76.344,186,39,4,4257,4808,33,215,1.43E-94,280,84.41,3,0
scaffold20706_Locus_28526_0_45.3_LINEAR,GAU48981.1,63.542,96,30,1,4790,5077,211,301,1.43E-94,92.4,70.83,2,0
scaffold20706_Locus_28526_0_45.3_LINEAR,KYP52479.1,65.517,261,63,7,4257,4985,27,278,3.57E-94,310,71.65,3,0
scaffold20706_Locus_28526_0_45.3_LINEAR,XP_003523075.1,67.729,251,67,6,4245,4985,24,264,4.13E-94,309,74.1,3,0
scaffold20706_Locus_28526_0_45.3_LINEAR,RDX80820.1,63.878,263,73,4,4257,4985,117,377,1.26E-93,312,70.72,3,0
scaffold20706_Locus_28526_0_45.3_LINEAR,XP_014518827.1,36.439,601,348,12,366,2117,59,642,8.65E-93,320,57.24,3,0
scaffold20706_Locus_28526_0_45.3_LINEAR,XP_020221255.1,37.341,549,299,7,408,1997,80,602,1.74E-91,315,55.74,3,0
scaffold20706_Locus_28526_0_45.3_LINEAR,BAT86915.1,34.884,602,356,10,366,2117,58,641,6.91E-91,314,55.15,3,0
scaffold20706_Locus_28526_0_45.3_LINEAR,XP_017420550.1,65.339,251,72,6,4257,4985,27,270,1.08E-89,297,72.91,3,0
scaffold20706_Locus_28526_0_45.3_LINEAR,XP_007138086.1,64.634,246,82,2,4257,4985,27,270,4.78E-89,295,71.95,3,0
scaffold20706_Locus_28526_0_45.3_LINEAR,XP_014499773.1,64.8,250,75,5,4257,4985,27,270,1.43E-88,293,72.8,3,0
scaffold20706_Locus_28526_0_45.3_LINEAR,XP_019434905.1,62.055,253,84,6,4257,4991,21,269,1.16E-87,291,71.15,3,0
scaffold20706_Locus_28526_0_45.3_LINEAR,XP_003527020.1,63.855,249,75,6,4257,4985,20,259,1.10E-86,288,72.29,3,0
scaffold20706_Locus_28526_0_45.3_LINEAR,XP_017434847.1,33.816,621,356,11,366,2117,58,660,1.34E-86,302,53.46,3,0
scaffold20706_Locus_28526_0_45.3_LINEAR,KOM53939.1,34.102,607,348,10,408,2117,6,597,2.12E-86,300,53.87,3,0
scaffold20706_Locus_28526_0_45.3_LINEAR,XP_016203197.1,60.816,245,75,4,4257,4982,27,253,2.46E-85,283,71.43,3,0
scaffold20706_Locus_28526_0_45.3_LINEAR,XP_015967726.1,60,245,77,4,4257,4982,27,253,1.87E-84,281,71.84,3,0
scaffold20706_Locus_28526_0_45.3_LINEAR,XP_025701600.1,60,245,77,4,4257,4982,27,253,1.97E-84,281,71.84,3,0
scaffold20706_Locus_28526_0_45.3_LINEAR,XP_004508862.1,59.843,254,84,7,4281,4991,36,288,4.87E-84,281,71.26,3,0
scaffold20706_Locus_28526_0_45.3_LINEAR,XP_019456912.1,57.196,271,82,7,4260,4979,31,298,3.64E-81,273,64.58,3,0
scaffold20706_Locus_28526_0_45.3_LINEAR,XP_019464810.1,56.977,258,82,6,4281,4979,43,296,1.01E-80,272,68.22,3,0
scaffold20706_Locus_28526_0_45.3_LINEAR,RDX91239.1,33.539,647,379,12,300,2141,35,663,1.53E-79,282,52.24,3,0
scaffold20706_Locus_28526_0_45.3_LINEAR,XP_017428724.1,56.967,244,86,6,4281,4982,31,265,3.11E-79,266,70.49,3,0
scaffold20706_Locus_28526_0_45.3_LINEAR,OIW18348.1,54.545,286,81,8,4260,4979,31,313,5.78E-78,265,61.54,3,0
scaffold20706_Locus_28526_0_45.3_LINEAR,AFK43639.1,55.952,252,96,6,4281,4991,36,287,6.17E-78,264,70.63,3,0
scaffold20706_Locus_28526_0_45.3_LINEAR,OIW00333.1,54.212,273,81,7,4281,4979,43,311,7.10E-78,265,64.84,3,0
scaffold20706_Locus_28526_0_45.3_LINEAR,XP_003608969.2,55.952,252,96,6,4281,4991,36,287,7.20E-78,263,70.63,3,0
scaffold20706_Locus_28526_0_45.3_LINEAR,KOM32815.1,56.225,249,85,7,4281,4982,31,270,8.62E-78,263,69.48,3,0
scaffold20706_Locus_28526_0_45.3_LINEAR,XP_007155418.1,55.645,248,83,5,4281,4982,31,265,2.26E-77,261,66.94,3,0
scaffold20706_Locus_28526_0_45.3_LINEAR,XP_003550739.2,59.565,230,74,5,4317,4982,43,261,8.52E-77,259,70.87,3,0
scaffold20706_Locus_28526_0_45.3_LINEAR,GAU19643.1,55.2,250,89,5,4281,4985,36,277,1.40E-75,256,66.4,3,0
scaffold20706_Locus_28526_0_45.3_LINEAR,XP_020221256.1,35.984,503,277,7,408,1859,80,556,4.95E-74,262,54.27,3,0
scaffold20706_Locus_28526_0_45.3_LINEAR,KRH42084.1,37.773,503,282,12,663,2117,6,495,5.42E-74,260,57.46,3,0
scaffold20706_Locus_28526_0_45.3_LINEAR,XP_016191492.1,56.612,242,92,5,4281,4979,45,282,9.88E-73,249,69.01,3,0
scaffold20706_Locus_28526_0_45.3_LINEAR,XP_015970473.1,55.372,242,95,5,4281,4979,45,282,7.07E-72,246,69.01,3,0
scaffold20706_Locus_28526_0_45.3_LINEAR,RCW19386.1,57.339,218,73,3,4356,4985,39,244,3.65E-71,243,68.35,3,0
scaffold20706_Locus_28526_0_45.3_LINEAR,XP_003525500.1,74.172,151,39,0,4533,4985,6,156,1.49E-70,237,86.75,3,0
scaffold20706_Locus_28526_0_45.3_LINEAR,XP_020227401.1,53.815,249,92,5,4260,4982,22,255,3.53E-64,223,66.27,3,0
scaffold20706_Locus_28526_0_45.3_LINEAR,KYP56305.1,52.734,256,91,6,4260,4982,22,262,2.74E-62,218,64.84,3,0
scaffold20706_Locus_28526_0_45.3_LINEAR,KHN34308.1,66.887,151,48,1,4539,4985,1,151,1.26E-60,208,78.15,3,0
scaffold20706_Locus_28526_0_45.3_LINEAR,KRH49836.1,41.722,302,162,7,1233,2123,101,393,1.03E-57,209,61.92,3,0
scaffold20706_Locus_28526_0_45.3_LINEAR,XP_004504849.1,41.946,298,161,6,1236,2117,405,694,1.23E-57,218,62.42,3,0
scaffold20706_Locus_28526_0_45.3_LINEAR,XP_004504849.1,50,154,77,0,408,869,103,256,3.65E-42,171,68.18,3,0
scaffold20706_Locus_28526_0_45.3_LINEAR,KHN19312.1,69.128,149,23,1,4608,4985,1,149,1.39E-57,200,77.18,3,0
scaffold20706_Locus_28526_0_45.3_LINEAR,XP_003608391.2,42.384,302,160,7,1233,2123,416,708,1.42E-57,218,64.24,3,0
scaffold20706_Locus_28526_0_45.3_LINEAR,XP_003608391.2,48.387,155,80,0,405,869,106,260,7.96E-40,164,66.45,3,0
scaffold20706_Locus_28526_0_45.3_LINEAR,RDX66722.1,41.958,286,154,6,1269,2117,175,451,1.18E-56,208,63.29,3,0
scaffold20706_Locus_28526_0_45.3_LINEAR,XP_017420551.1,56.923,195,72,5,4254,4823,29,216,1.29E-56,201,66.67,3,0
scaffold20706_Locus_28526_0_45.3_LINEAR,XP_017420551.1,66.667,27,9,0,4843,4923,210,236,0.037,42.4,77.78,1,0
scaffold20706_Locus_28526_0_45.3_LINEAR,KRH49835.1,42,300,160,7,1233,2117,231,521,1.30E-56,210,62,3,0
scaffold20706_Locus_28526_0_45.3_LINEAR,KRH49835.1,47.826,69,36,0,663,869,6,74,1.15E-13,80.5,65.22,3,0
scaffold20706_Locus_28526_0_45.3_LINEAR,KRH49834.1,41.722,302,162,7,1233,2123,288,580,6.64E-56,209,61.92,3,0
scaffold20706_Locus_28526_0_45.3_LINEAR,KRH49834.1,48.062,129,67,0,483,869,3,131,2.19E-29,130,64.34,3,0
scaffold20706_Locus_28526_0_45.3_LINEAR,XP_020222330.1,39.938,323,179,8,1164,2117,364,676,8.36E-56,211,61.3,3,0
scaffold20706_Locus_28526_0_45.3_LINEAR,XP_020222330.1,46.154,169,90,1,366,869,67,235,3.35E-40,164,65.09,3,0
scaffold20706_Locus_28526_0_45.3_LINEAR,KRH54409.1,58.201,189,64,6,4257,4805,20,199,1.18E-55,197,66.14,3,0
scaffold20706_Locus_28526_0_45.3_LINEAR,XP_006581928.1,58.201,189,64,6,4257,4805,20,199,1.20E-55,197,66.14,3,0
scaffold20706_Locus_28526_0_45.3_LINEAR,KOM31247.1,42.105,285,155,5,1269,2117,145,421,1.27E-55,204,61.75,3,0
scaffold20706_Locus_28526_0_45.3_LINEAR,XP_003528395.1,42,300,160,7,1233,2117,407,697,1.73E-55,211,62,3,0
scaffold20706_Locus_28526_0_45.3_LINEAR,XP_003528395.1,48,150,78,0,420,869,101,250,1.03E-35,150,64,3,0
scaffold20706_Locus_28526_0_45.3_LINEAR,PNX81692.1,65.193,181,58,4,4170,4706,3,180,4.20E-55,194,74.03,3,0
scaffold20706_Locus_28526_0_45.3_LINEAR,KHN18461.1,64.865,148,30,1,4539,4982,2,127,5.83E-55,191,77.7,3,0
scaffold20706_Locus_28526_0_45.3_LINEAR,XP_025638096.1,41.196,301,161,8,1233,2117,423,713,1.05E-54,209,62.13,3,0
scaffold20706_Locus_28526_0_45.3_LINEAR,XP_025638096.1,47.134,157,83,0,408,878,112,268,1.49E-40,166,68.15,3,0
scaffold20706_Locus_28526_0_45.3_LINEAR,XP_019423479.1,41.869,289,154,7,1269,2123,418,696,1.31E-54,208,63.67,3,0
scaffold20706_Locus_28526_0_45.3_LINEAR,XP_019423479.1,48.667,150,77,0,420,869,110,259,3.24E-37,155,66.67,3,0
scaffold20706_Locus_28526_0_45.3_LINEAR,OIV93133.1,41.869,289,154,7,1269,2123,425,703,1.38E-54,208,63.67,3,0
scaffold20706_Locus_28526_0_45.3_LINEAR,OIV93133.1,46.497,157,77,1,420,869,110,266,5.45E-35,149,63.69,3,0
scaffold20706_Locus_28526_0_45.3_LINEAR,XP_007148360.1,38.226,327,187,6,1164,2117,188,508,4.27E-54,202,59.94,3,0
scaffold20706_Locus_28526_0_45.3_LINEAR,XP_007148360.1,48.718,78,40,0,654,887,38,115,6.33E-17,90.5,71.79,3,0
scaffold20706_Locus_28526_0_45.3_LINEAR,XP_015956104.1,41.196,301,161,8,1233,2117,415,705,1.57E-53,205,61.79,3,0
scaffold20706_Locus_28526_0_45.3_LINEAR,XP_015956104.1,47.771,157,82,0,408,878,112,268,4.99E-41,167,68.15,3,0
scaffold20706_Locus_28526_0_45.3_LINEAR,XP_017438756.1,42.105,285,155,5,1269,2117,410,686,2.82E-53,204,61.75,3,0
scaffold20706_Locus_28526_0_45.3_LINEAR,XP_017438756.1,49.032,155,79,0,405,869,88,242,4.16E-41,167,68.39,3,0
scaffold20706_Locus_28526_0_45.3_LINEAR,XP_007159151.1,42.606,284,153,5,1272,2117,407,682,3.19E-53,204,61.62,3,0
scaffold20706_Locus_28526_0_45.3_LINEAR,XP_007159151.1,49.677,155,78,0,405,869,88,242,6.37E-41,167,67.1,3,0
scaffold20706_Locus_28526_0_45.3_LINEAR,XP_007148361.1,38.226,327,187,6,1164,2117,307,627,4.40E-53,202,59.94,3,0
scaffold20706_Locus_28526_0_45.3_LINEAR,XP_007148361.1,40.488,205,113,4,279,887,37,234,8.89E-40,162,59.51,3,0
scaffold20706_Locus_28526_0_45.3_LINEAR,XP_025655308.1,52.083,192,71,4,4257,4823,27,200,1.77E-52,189,64.06,3,0
scaffold20706_Locus_28526_0_45.3_LINEAR,XP_025655308.1,64.286,28,10,0,4843,4926,194,221,0.73,38.5,71.43,1,0
C197180_56.0,CAA74889.1,83.849,291,40,3,181,1041,1,288,6.66E-152,436,89,1,0
C197180_56.0,XP_013460981.1,70.724,304,56,9,181,1041,1,288,2.38E-129,379,79.93,1,0
C197180_56.0,AFK44430.1,70.395,304,57,9,181,1041,1,288,1.36E-128,377,79.93,1,0
C197180_56.0,XP_004501850.1,68.182,308,63,10,181,1041,1,294,2.78E-118,351,77.6,1,0
C197180_56.0,KEH35016.1,69.58,286,54,9,181,987,1,270,1.58E-116,346,78.67,1,0
C197180_56.0,KEH35016.1,37.374,99,52,1,796,1062,110,208,1.22E-11,69.3,57.58,1,0
C197180_56.0,PNY02779.1,66.007,303,60,8,181,1041,1,276,1.88E-115,343,75.25,1,0
C197180_56.0,XP_020235774.1,62.585,294,95,6,181,1041,1,286,7.67E-112,334,74.15,1,0
C197180_56.0,NP_001348128.1,61.489,309,90,7,181,1041,1,302,3.92E-110,331,72.17,1,0
C197180_56.0,GAU40419.1,67.391,276,60,7,238,1041,18,271,6.48E-107,321,77.9,1,0
C197180_56.0,RDX74639.1,60.703,313,95,7,139,1038,30,327,2.20E-106,322,71.88,1,0
C197180_56.0,RDX74639.1,45.122,82,45,0,796,1041,153,234,2.26E-13,75.1,63.41,1,0
C197180_56.0,XP_007137988.1,60.968,310,85,9,181,1041,1,297,2.39E-106,321,72.9,1,0
C197180_56.0,NP_001239665.1,60.751,293,103,6,181,1041,1,287,4.43E-105,317,73.38,1,0
C197180_56.0,KHN07969.1,60.41,293,104,6,181,1041,1,287,2.31E-104,315,73.04,1,0
C197180_56.0,XP_014502417.1,60.194,309,91,8,181,1041,1,299,7.87E-103,312,72.49,1,0
C197180_56.0,XP_017419777.1,58.766,308,97,6,181,1041,1,299,1.68E-102,311,69.16,1,0
C197180_56.0,XP_025688583.1,57.278,316,91,7,208,1041,7,316,1.69E-99,304,65.82,1,0
C197180_56.0,XP_015954522.1,57.278,316,91,7,208,1041,7,316,3.04E-99,303,65.82,1,0
C197180_56.0,KRH63663.1,57.947,302,98,7,181,1020,1,295,7.84E-98,300,69.87,1,0
C197180_56.0,KRH63663.1,42.683,82,47,0,796,1041,125,206,1.44E-12,72.8,62.2,1,0
C197180_56.0,XP_016187623.1,56.369,314,95,6,208,1041,7,314,1.70E-95,294,65.61,1,0
C197180_56.0,XP_014510072.1,54.934,304,120,6,172,1041,2,302,3.95E-95,292,69.08,1,0
C197180_56.0,XP_020218344.1,58.333,288,114,4,184,1041,6,289,1.61E-94,290,71.18,1,0
C197180_56.0,KYP65342.1,59.567,277,106,4,217,1041,7,279,3.71E-94,289,72.2,1,0
C197180_56.0,XP_025641509.1,54.769,325,105,6,175,1041,41,359,1.66E-93,290,64,1,0
C197180_56.0,XP_016189637.1,56.467,317,99,8,193,1041,2,313,1.89E-93,288,66.56,1,0
C197180_56.0,XP_019464184.1,69.406,219,54,3,409,1041,95,308,4.06E-93,287,79,1,0
C197180_56.0,OIW00293.1,69.406,219,54,3,409,1041,90,303,5.74E-93,287,79,1,0
C197180_56.0,XP_004515855.1,55.049,307,110,7,181,1041,1,299,5.93E-93,286,67.43,1,0
C197180_56.0,XP_017420438.1,53.618,304,124,6,172,1041,2,302,3.90E-92,285,68.42,1,0
C197180_56.0,XP_015964618.1,75.661,189,41,1,475,1041,130,313,6.76E-92,285,85.71,1,0
C197180_56.0,XP_025703283.1,75.661,189,41,1,475,1041,130,313,9.06E-92,284,85.71,1,0
C197180_56.0,XP_019457367.1,56.646,316,94,9,181,1041,1,302,2.13E-91,283,66.46,1,0
C197180_56.0,KOM32736.1,55.16,281,118,4,217,1041,7,285,2.55E-91,282,70.11,1,0
C197180_56.0,NP_001341807.1,55.482,301,117,5,175,1041,1,296,7.22E-91,281,68.44,1,0
C197180_56.0,XP_013457715.1,56.678,307,104,8,181,1041,1,298,1.27E-90,281,67.75,1,0
C197180_56.0,XP_019433522.1,55.932,295,99,7,235,1041,22,311,1.75E-90,281,69.15,1,0
C197180_56.0,OIW21658.1,55.932,295,99,7,235,1041,15,304,2.20E-90,280,69.15,1,0
C197180_56.0,XP_007155499.1,55.592,304,118,7,172,1041,2,302,2.64E-90,280,67.76,1,0
C197180_56.0,AFK42498.1,56.026,307,106,8,181,1041,1,298,7.71E-89,276,67.1,1,0
C197180_56.0,GAU50596.1,55.375,307,109,9,181,1041,1,299,1.03E-88,276,67.43,1,0
C197180_56.0,XP_019415396.1,74.176,182,42,1,496,1041,134,310,6.31E-87,271,85.16,1,0
C197180_56.0,PNY03038.1,63.229,223,78,3,379,1041,5,225,5.98E-85,263,74.89,1,0
C197180_56.0,NP_001242356.1,53.974,302,117,6,181,1038,1,296,7.25E-85,266,64.9,1,0
C197180_56.0,ACF22879.1,53.618,304,119,6,175,1038,1,298,8.16E-85,266,64.8,1,0
C197180_56.0,RDX94712.1,53.741,294,101,4,238,1041,14,298,5.92E-83,261,64.29,1,0
C197180_56.0,KHN05811.1,76.829,164,35,1,550,1041,1,161,2.28E-79,247,87.2,1,0
C197180_56.0,KHN05811.1,47.436,78,41,0,502,735,81,158,1.04E-13,72.8,64.1,1,0
C197180_56.0,OIW18313.1,55.034,298,91,9,181,987,1,284,3.29E-79,251,64.77,1,0
C197180_56.0,OIW18313.1,42.683,82,47,0,796,1041,127,208,1.80E-12,72,60.98,1,0
C197180_56.0,ACU18482.1,54.093,281,112,5,175,981,1,276,4.87E-78,248,66.9,1,0
C197180_56.0,ACU18482.1,46.053,76,41,0,796,1023,118,193,3.35E-13,73.9,64.47,1,0
C197180_56.0,ACJ84773.1,63.559,236,53,9,181,837,1,220,5.35E-78,246,74.58,1,0
C197180_56.0,ACJ84773.1,36.364,99,53,1,796,1062,110,208,6.90E-12,69.3,57.58,1,0
C197180_56.0,AFK47384.1,52.145,303,123,9,181,1032,1,300,4.72E-76,243,65.35,1,0
C197180_56.0,AFK47384.1,41.86,86,47,1,793,1041,120,205,1.01E-13,75.9,61.63,1,0
C197180_56.0,RDX75942.1,52.913,206,90,2,448,1044,69,274,1.35E-61,205,65.53,1,0
C197180_56.0,XP_015951587.1,52.5,200,93,1,448,1041,67,266,2.61E-61,204,67.5,1,0
C197180_56.0,XP_016184868.1,52.5,200,93,1,448,1041,67,266,3.10E-61,204,67.5,1,0
C197180_56.0,XP_020239889.1,54.45,191,80,1,493,1044,89,279,1.76E-60,202,67.02,1,0
C197180_56.0,NP_001348127.1,50.971,206,94,1,448,1044,70,275,3.48E-60,201,65.05,1,0
C197180_56.0,KHN48247.1,52.174,207,91,2,448,1044,73,279,4.09E-60,201,64.73,1,0
C197180_56.0,NP_001240946.1,52.174,207,91,2,448,1044,73,279,1.29E-59,200,64.25,1,0
C197180_56.0,PNX81175.1,64.901,151,52,1,589,1041,1,150,6.13E-59,194,77.48,1,0
C197180_56.0,PNX81175.1,51.899,79,38,0,499,735,69,147,2.72E-18,85.5,70.89,1,0
C197180_56.0,XP_007144372.1,53.968,189,81,2,493,1041,83,271,2.04E-58,197,68.78,1,0
C197180_56.0,XP_004497514.1,50.51,196,82,1,499,1041,87,282,3.83E-57,194,63.78,1,0
C197180_56.0,XP_019421698.1,50.746,201,79,1,499,1041,100,300,4.54E-54,186,64.68,1,0
C197180_56.0,XP_014514950.1,52.821,195,81,1,493,1044,83,277,6.67E-54,185,64.62,1,0
C197180_56.0,XP_014514950.1,46.154,78,42,0,781,1014,80,157,2.60E-13,74.3,67.95,1,0
C197180_56.0,XP_014510849.1,52.85,193,82,1,493,1044,83,275,8.84E-54,184,64.77,1,0
C197180_56.0,XP_014510849.1,46.154,78,42,0,781,1014,80,157,2.91E-13,73.9,67.95,1,0
C197180_56.0,XP_017412587.1,52.356,191,82,1,493,1038,83,273,1.52E-51,179,64.4,1,0
C197180_56.0,XP_017412587.1,46.835,79,42,0,778,1014,79,157,2.02E-13,74.7,67.09,1,0
C197180_56.0,XP_017413347.1,53.191,188,82,1,493,1038,83,270,1.72E-51,179,65.96,1,0
C197180_56.0,XP_017413347.1,46.835,79,42,0,778,1014,79,157,2.50E-13,74.3,67.09,1,0
C197180_56.0,OIW01591.1,49.01,202,82,2,499,1041,99,300,7.24E-51,179,61.88,1,0
C197180_56.0,XP_019461671.1,49.01,202,82,2,499,1041,99,300,8.13E-51,178,61.88,1,0
C197180_56.0,GAU48474.1,49.479,192,86,2,499,1041,85,276,2.99E-48,170,65.1,1,0
C197180_56.0,XP_003590481.1,48.99,198,84,2,493,1041,83,278,7.74E-47,166,62.63,1,0
C197180_56.0,XP_003590481.1,43.182,88,50,0,778,1041,79,166,2.43E-13,74.3,62.5,1,0
C197180_56.0,AFK37653.1,44.651,215,87,2,493,1041,86,300,8.02E-47,167,57.21,1,0
C197180_56.0,AFK37653.1,41.25,80,47,0,778,1017,82,161,5.22E-10,64.7,61.25,1,0
C197180_56.0,PNX73157.1,45.411,207,78,3,493,1041,83,278,2.06E-46,166,61.35,1,0
C197180_56.0,ACJ85252.1,48.485,198,85,2,493,1041,83,278,4.81E-46,164,62.63,1,0
C197180_56.0,ACJ85252.1,42.045,88,51,0,778,1041,79,166,1.36E-12,72,62.5,1,0
C197180_56.0,XP_016176842.1,42.254,213,99,3,418,1032,86,282,7.67E-46,164,58.22,1,0
C197180_56.0,XP_016176842.1,45.349,86,47,0,484,741,199,284,1.39E-12,72.4,61.63,1,0
C197180_56.0,RDX80558.1,44.388,196,80,4,484,1032,100,279,2.39E-45,162,60.2,1,0
C197180_56.0,RDX80558.1,41.86,86,50,0,484,741,196,281,2.80E-11,68.2,59.3,1,0
C197180_56.0,GAU39640.1,45.161,186,78,3,499,1032,105,274,4.42E-45,162,62.37,1,0
C197180_56.0,GAU39640.1,41.86,86,50,0,484,741,191,276,2.02E-10,65.9,60.47,1,0
C197180_56.0,XP_019414814.1,45.355,183,86,2,493,1032,82,253,5.42E-45,161,62.3,1,0
C197180_56.0,XP_019414814.1,44.444,81,45,0,484,726,170,250,1.88E-11,68.6,61.73,1,0
C197180_56.0,XP_025617871.1,41.315,213,101,3,418,1032,86,282,6.17E-45,162,57.75,1,0
C197180_56.0,XP_025617871.1,45.349,86,47,0,484,741,199,284,1.40E-12,72.4,61.63,1,0
C197180_56.0,XP_017413348.1,41.485,229,108,5,364,1032,69,277,7.40E-45,161,57.21,1,0
C197180_56.0,XP_020227068.1,45.161,186,78,3,499,1032,110,279,1.02E-44,161,61.83,1,0
C197180_56.0,XP_003590174.2,44.086,186,80,3,499,1032,114,283,2.16E-44,160,62.9,1,0
C197180_56.0,XP_003590174.2,39.535,86,52,0,484,741,200,285,1.01E-09,63.5,60.47,1,0
C197180_56.0,ACJ85270.1,44.086,186,80,3,499,1032,114,283,2.37E-44,160,62.9,1,0
C197180_56.0,ACJ85270.1,39.535,86,52,0,484,741,200,285,1.07E-09,63.5,60.47,1,0
C197180_56.0,XP_014514849.1,44.149,188,81,3,493,1032,102,273,4.37E-44,159,60.64,1,0
C197180_56.0,AFK38283.1,44.681,188,80,3,493,1032,100,271,6.10E-44,159,60.64,1,0
C197180_56.0,AFK38283.1,44.444,81,45,0,484,726,188,268,2.44E-11,68.2,61.73,1,0
C197180_56.0,NP_001347344.1,44.624,186,79,3,499,1032,111,280,6.10E-44,159,61.83,1,0
C197180_56.0,XP_007145349.1,44.565,184,82,3,499,1032,114,283,1.67E-43,158,61.96,1,0
C197180_56.0,XP_019437964.1,41.631,233,111,5,343,1032,66,276,2.18E-43,157,53.65,1,0
C197180_56.0,PNX97045.1,44.693,179,89,2,499,1032,98,267,1.22E-42,155,63.13,1,0
C197180_56.0,AFK34861.1,43.011,186,82,3,499,1032,114,283,4.25E-42,154,61.83,1,0
C197180_56.0,KOM34828.1,52.941,170,74,1,493,984,83,252,5.22E-42,155,64.71,1,0
C197180_56.0,KOM34828.1,46.25,80,43,0,778,1017,79,158,2.02E-12,72.4,67.5,1,0
C197180_56.0,CAA66479.1,42.458,179,93,2,499,1032,118,287,9.09E-42,153,62.01,1,0
C197180_56.0,CAA66479.1,43.023,86,49,0,484,741,204,289,5.97E-11,67.4,59.3,1,0
C197180_56.0,AHA84143.1,43.478,184,84,3,499,1032,114,283,1.85E-41,152,60.87,1,0
C197180_56.0,KOM34502.1,41.509,212,98,5,364,981,69,260,8.06E-40,148,56.13,1,0
C197180_56.0,KOM34502.1,40.741,81,47,1,796,1038,108,187,1.86E-12,71.6,65.43,1,0
C197180_56.0,KOM34502.1,44.156,77,43,0,484,714,194,270,3.59E-09,62,59.74,1,0
C197180_56.0,NP_001241528.1,45.161,186,78,3,499,1032,118,287,8.16E-39,145,61.83,1,0
C197180_56.0,KHN41542.1,44.97,169,69,3,499,981,111,263,9.15E-39,145,60.95,1,0
C197180_56.0,KHN41542.1,39.506,81,48,1,796,1038,111,190,3.66E-12,70.9,65.43,1,0
C197180_56.0,XP_019444198.1,39.109,202,108,3,472,1032,97,298,2.35E-38,145,58.91,1,0
C197180_56.0,XP_004494258.1,34.615,234,142,4,346,1032,63,290,2.46E-38,145,55.98,1,0
C197180_56.0,XP_013450228.1,38.049,205,122,3,433,1032,87,291,5.96E-38,144,58.05,1,0
C197180_56.0,KRG90317.1,43.548,186,80,4,499,1032,118,286,7.35E-38,143,59.14,1,0
C197180_56.0,XP_025678792.1,64.035,114,36,1,700,1041,57,165,1.01E-37,139,77.19,1,0
C197180_56.0,XP_025678792.1,38.158,76,47,0,499,726,84,159,5.98E-09,59.3,59.21,1,0
C197180_56.0,XP_020967644.1,62.393,117,39,1,691,1041,41,152,1.02E-37,138,76.07,1,0
C197180_56.0,XP_020967644.1,38.158,76,47,0,499,726,71,146,5.71E-09,58.9,59.21,1,0
C197180_56.0,XP_003554474.1,37.288,236,139,4,340,1032,59,290,1.68E-37,143,55.93,1,0
C210460_55.0,XP_013460694.1,78.899,327,64,3,1756,779,2,324,1.41E-156,462,84.1,-2,0
C210460_55.0,XP_004503159.1,75.529,331,51,4,1762,779,2,305,2.87E-148,440,82.78,-2,0
C210460_55.0,XP_007163425.1,73.716,331,57,6,1762,779,2,305,4.18E-141,422,79.76,-2,0
C210460_55.0,XP_014496376.1,73.414,331,58,6,1762,779,2,305,2.07E-139,418,79.15,-2,0
C210460_55.0,GAU12743.1,77.711,332,52,5,1762,779,1,314,5.56E-139,417,84.34,-2,0
C210460_55.0,XP_017415877.1,73.112,331,59,6,1762,779,2,305,3.08E-138,415,78.85,-2,0
C210460_55.0,XP_025982507.1,72.121,330,56,5,1762,785,3,300,5.48E-138,414,78.48,-2,0
C210460_55.0,XP_003537459.1,72.59,332,56,6,1762,785,3,305,9.43E-136,409,77.71,-2,0
C210460_55.0,RDX95109.1,73.112,331,60,6,1762,779,1,305,8.40E-135,406,80.06,-2,0
C210460_55.0,PNX96810.1,78.624,407,62,6,1744,542,10,397,3.10E-134,405,84.52,-2,0
C210460_55.0,XP_019419778.1,69.369,333,73,7,1762,779,1,309,3.11E-128,389,75.98,-2,0
C210460_55.0,XP_019439458.1,66.767,331,82,5,1762,779,1,306,1.34E-125,382,76.13,-2,0
C210460_55.0,XP_016190165.1,69.322,339,77,6,1762,779,1,323,1.92E-124,379,76.99,-2,0
C210460_55.0,XP_015956524.1,69.322,339,77,6,1762,779,1,323,3.33E-124,379,76.99,-2,0
C210460_55.0,KRG97885.1,67.576,330,53,6,1762,785,1,280,5.61E-122,372,73.94,-2,0
C210460_55.0,XP_019422227.1,65.465,333,90,7,1762,779,1,313,2.44E-113,351,73.27,-2,0
C210460_55.0,XP_020237400.1,61.721,337,45,6,1762,779,2,263,8.81E-111,342,67.06,-2,0
C210460_55.0,XP_020233938.1,54.545,330,104,10,1744,779,3,294,1.25E-93,300,66.06,-2,0
C210460_55.0,RDX99426.1,54.63,324,98,4,1750,779,9,283,2.38E-91,293,63.89,-2,0
C210460_55.0,XP_007132046.1,53.067,326,102,5,1750,779,9,285,1.03E-90,291,62.58,-2,0
C210460_55.0,XP_007141397.1,53.354,328,101,8,1744,794,3,289,1.64E-90,291,64.94,-2,0
C210460_55.0,XP_017406217.1,53.067,326,102,4,1750,779,9,285,2.70E-90,290,61.96,-2,0
C210460_55.0,XP_014494451.1,53.067,326,102,4,1750,779,9,285,4.21E-90,289,61.66,-2,0
C210460_55.0,XP_003537982.1,52.976,336,93,6,1750,779,9,291,8.66E-90,288,61.01,-2,0
C210460_55.0,RDX60843.1,53.988,326,108,8,1744,791,3,294,2.58E-89,288,65.34,-2,0
C210460_55.0,XP_015935453.1,55.238,315,95,3,1750,806,10,278,4.04E-88,285,62.54,-2,0
C210460_55.0,XP_016170215.1,54.921,315,96,4,1750,806,10,278,4.08E-88,285,63.17,-2,0
C210460_55.0,AES99400.1,55.06,336,103,10,1744,779,3,304,2.58E-87,283,65.77,-2,0
C210460_55.0,PNY00934.1,52.308,325,110,3,1753,779,8,287,2.74E-87,282,60,-2,0
C210460_55.0,XP_014503008.1,52.778,324,109,7,1744,794,3,289,4.39E-87,282,65.74,-2,0
C210460_55.0,XP_003606705.1,53.416,322,109,3,1759,794,6,286,4.43E-87,282,61.8,-2,0
C210460_55.0,GAU49337.1,52.308,325,112,3,1753,779,9,290,6.12E-87,281,60.31,-2,0
C210460_55.0,XP_004486987.1,52.439,328,105,5,1762,791,1,281,1.31E-86,279,62.8,-2,0
C210460_55.0,XP_020214787.1,54.012,324,104,5,1750,779,9,287,2.33E-86,279,63.27,-2,0
C210460_55.0,XP_003545254.1,53.067,326,108,6,1744,794,3,292,4.44E-86,280,64.72,-2,0
C210460_55.0,XP_019448615.1,51.543,324,106,3,1762,791,1,273,2.85E-85,276,63.27,-2,0
C210460_55.0,XP_025982216.1,53.191,329,108,9,1744,794,3,297,3.71E-85,278,65.35,-2,0
C210460_55.0,XP_003539637.1,52.923,325,108,6,1750,779,9,289,3.83E-85,276,62.77,-2,0
C210460_55.0,XP_003597390.1,51.242,322,121,3,1756,791,9,294,2.32E-84,274,63.04,-2,0
C210460_55.0,XP_016187260.1,50.613,326,109,7,1750,779,9,284,2.94E-84,274,62.88,-2,0
C210460_55.0,XP_004490878.1,50.147,341,120,11,1744,779,3,312,1.15E-83,274,61.88,-2,0
C210460_55.0,XP_015952231.1,50.153,327,110,7,1750,779,9,285,1.66E-83,271,62.39,-2,0
C210460_55.0,RDX66728.1,48.457,324,109,6,1762,791,1,266,3.06E-83,271,60.19,-2,0
C210460_55.0,XP_025686208.1,50.765,327,108,8,1750,779,9,285,3.49E-83,271,63,-2,0
C210460_55.0,GAU47130.1,50.445,337,116,8,1744,779,3,303,4.30E-83,272,62.31,-2,0
C210460_55.0,XP_025609322.1,50.997,351,120,9,1744,806,3,339,7.65E-83,274,62.11,-2,0
C210460_55.0,XP_020983121.1,50.852,352,120,9,1744,806,3,340,8.47E-83,274,61.65,-2,0
C210460_55.0,XP_004507169.1,51.385,325,110,4,1750,779,10,287,9.75E-83,270,60.62,-2,0
C210460_55.0,XP_019447967.1,52.336,321,106,6,1750,791,9,283,1.07E-82,270,66.36,-2,0
C210460_55.0,XP_020962982.1,49.577,355,124,9,1744,806,3,344,2.76E-82,273,60.85,-2,0
C210460_55.0,XP_014496469.1,47.222,324,111,6,1762,791,1,264,4.30E-82,267,58.33,-2,0
C210460_55.0,XP_017423871.1,48.457,324,107,6,1762,791,1,264,1.01E-81,266,59.26,-2,0
C210460_55.0,KYP48506.1,49.085,328,98,9,1744,779,3,267,1.10E-81,267,60.06,-2,0
C210460_55.0,XP_003543521.1,48.93,327,94,7,1762,788,1,256,2.46E-81,265,58.41,-2,0
C210460_55.0,XP_007150348.1,46.914,324,112,6,1762,791,1,264,5.32E-81,264,57.41,-2,0
C210460_55.0,XP_020223918.1,47.222,324,107,5,1762,791,1,260,2.30E-80,262,57.72,-2,0
C210460_55.0,XP_017428556.1,51.235,324,114,6,1744,794,3,289,3.66E-80,264,64.2,-2,0
C210460_55.0,XP_003547238.1,48.765,324,95,6,1762,791,1,253,3.67E-80,261,58.95,-2,0
C210460_55.0,XP_003616442.2,55.205,317,94,10,1687,779,3,285,1.26E-78,259,65.3,-2,0
C210460_55.0,KYP58518.1,46.914,324,108,5,1762,791,1,260,1.74E-78,258,57.1,-2,0
C210460_55.0,PNY02711.1,49.008,353,120,7,1744,779,3,326,2.01E-78,261,62.04,-2,0
C210460_55.0,KHN17914.1,79.67,182,34,2,1330,785,1,179,4.13E-77,252,85.71,-2,0
C210460_55.0,KHN07574.1,80.22,182,23,2,1330,785,1,169,6.86E-77,251,85.71,-2,0
C210460_55.0,XP_019455796.1,45.192,416,177,8,1744,542,3,382,1.60E-75,252,54.57,-2,0
C210460_55.0,PNY09352.1,51.829,328,117,6,1762,791,6,296,3.81E-74,248,63.41,-2,0
C210460_55.0,KYP68217.1,53.527,241,88,3,1750,1028,9,225,6.66E-74,245,65.98,-2,0
C210460_55.0,KYP44759.1,76.19,189,20,3,1330,779,1,169,6.00E-73,241,80.95,-2,0
C210460_55.0,GAU17308.1,50.305,328,118,5,1762,791,6,292,1.01E-72,242,62.5,-2,0
C210460_55.0,GAU17309.1,50.305,328,118,5,1762,791,6,292,2.23E-72,243,62.5,-2,0
C210460_55.0,XP_019454083.1,44.548,321,125,5,1753,791,7,274,3.00E-70,236,57.94,-2,0
C210460_55.0,AGV54862.1,47.17,318,118,5,1726,779,17,286,5.31E-69,234,58.18,-2,0
C210460_55.0,OIW04064.1,45.729,398,165,8,1690,542,2,363,5.63E-65,223,55.03,-2,0
C210460_55.0,XP_003529105.1,44.615,325,89,9,1744,794,9,250,1.63E-63,217,54.46,-2,0
C210460_55.0,XP_019459456.1,46.154,325,91,10,1744,806,8,260,4.85E-63,217,55.69,-2,0
C210460_55.0,XP_017417312.1,43.293,328,95,9,1744,794,9,256,1.78E-60,210,53.35,-2,0
C210460_55.0,XP_006602601.2,43.769,329,102,8,1762,794,4,255,1.41E-59,207,54.71,-2,0
C210460_55.0,XP_014497251.1,43.598,328,94,11,1744,794,9,256,3.52E-59,206,53.66,-2,0
C210460_55.0,XP_007140509.1,42.462,325,102,9,1741,794,11,259,5.84E-54,192,53.54,-2,0
C210460_55.0,KHN41107.1,46.358,302,93,9,1666,794,83,326,1.20E-50,186,56.62,-2,0
C210460_55.0,XP_020215697.1,36.328,256,117,8,1759,1019,10,228,7.73E-41,155,52.73,-2,0
C210460_55.0,RDY11870.1,37.879,264,102,11,1759,1019,10,228,5.41E-40,153,52.27,-2,0
C210460_55.0,XP_019424034.1,35.6,250,110,8,1741,1019,28,235,3.88E-39,151,52.4,-2,0
C210460_55.0,XP_019421645.1,33.735,249,120,6,1741,1019,27,238,1.38E-38,150,51.41,-2,0
C210460_55.0,XP_017413323.1,36.364,264,136,9,1762,1001,1,242,3.61E-38,148,52.27,-2,0
C210460_55.0,KHN21932.1,62.069,145,33,3,1210,779,1,124,5.14E-38,144,69.66,-2,0
C210460_55.0,RDX96378.1,36.226,265,136,9,1762,1001,68,310,7.09E-38,149,52.83,-2,0
C210460_55.0,XP_016183514.1,33.708,267,134,8,1762,1004,1,238,1.07E-37,147,50.56,-2,0
C210460_55.0,AFK44009.1,33.457,269,134,8,1762,1001,1,239,1.08E-37,146,49.81,-2,0
C210460_55.0,XP_020223740.1,35.985,264,137,9,1762,1001,1,242,1.14E-37,146,51.52,-2,0
C210460_55.0,XP_014514318.1,35.985,264,137,9,1762,1001,1,242,1.23E-37,146,52.27,-2,0
C210460_55.0,XP_015949647.1,33.708,267,134,8,1762,1004,1,238,1.24E-37,146,50.19,-2,0
C210460_55.0,XP_003556948.1,33.818,275,129,8,1762,1001,1,243,5.88E-37,144,49.09,-2,0
C210460_55.0,XP_019434714.1,32.806,253,111,6,1741,1019,18,223,6.90E-37,144,51.38,-2,0
C210460_55.0,ACU24187.1,33.818,275,129,8,1762,1001,1,243,7.22E-37,144,49.09,-2,0
C210460_55.0,XP_007145499.1,35.227,264,139,9,1762,1001,1,242,7.25E-37,144,51.89,-2,0
C210460_55.0,XP_003518992.1,31.734,271,136,7,1762,1001,1,239,2.49E-35,140,49.08,-2,0
C210460_55.0,OIV90031.1,33.333,270,121,11,1762,1019,1,233,5.06E-35,139,50.74,-2,0
C210460_55.0,XP_025620857.1,34.387,253,144,6,1741,1019,14,256,7.03E-35,139,51.38,-2,0
C210460_55.0,XP_015941905.1,34.387,253,144,6,1741,1019,14,256,7.68E-35,139,51.38,-2,0
C210460_55.0,XP_019428949.1,33.333,270,121,11,1762,1019,35,267,1.26E-34,139,50.74,-2,0
scaffold14200_Locus_14227_0_59.0_FORK,XP_003601037.1,95.29,276,13,0,864,37,114,389,0,539,98.55,-2,0
scaffold14200_Locus_14227_0_59.0_FORK,XP_003601037.1,81.416,113,17,1,1192,866,1,113,0,177,84.96,-1,0
scaffold14200_Locus_14227_0_59.0_FORK,GAU49179.1,93.478,276,18,0,864,37,103,378,0,531,97.46,-2,0
scaffold14200_Locus_14227_0_59.0_FORK,GAU49179.1,72.807,114,14,3,1192,866,1,102,2.23E-35,138,76.32,-1,0
scaffold14200_Locus_14227_0_59.0_FORK,OIW02747.1,90.217,276,27,0,864,37,671,946,0,530,96.74,-2,0
scaffold14200_Locus_14227_0_59.0_FORK,OIW02747.1,67.769,121,27,3,1195,866,551,670,0,149,73.55,-1,0
scaffold14200_Locus_14227_0_59.0_FORK,KHN04809.1,92.391,276,21,0,864,37,125,400,0,529,97.46,-2,0
scaffold14200_Locus_14227_0_59.0_FORK,KHN04809.1,62.698,126,28,4,1192,866,1,124,1.32E-36,142,69.05,-1,0
scaffold14200_Locus_14227_0_59.0_FORK,XP_003538500.1,92.391,276,21,0,864,37,112,387,0,528,97.46,-2,0
scaffold14200_Locus_14227_0_59.0_FORK,XP_003538500.1,71.681,113,26,2,1192,866,1,111,0,159,77.88,-1,0
scaffold14200_Locus_14227_0_59.0_FORK,KHN31331.1,92.391,276,21,0,864,37,113,388,0,526,97.1,-2,0
scaffold14200_Locus_14227_0_59.0_FORK,KHN31331.1,66.667,114,31,3,1192,866,1,112,2.16E-38,146,75.44,-1,0
scaffold14200_Locus_14227_0_59.0_FORK,NP_001241559.1,92.391,276,21,0,864,37,112,387,0,526,97.1,-2,0
scaffold14200_Locus_14227_0_59.0_FORK,NP_001241559.1,73.451,113,24,2,1192,866,1,111,0,157,79.65,-1,0
scaffold14200_Locus_14227_0_59.0_FORK,AFK49509.1,91.304,276,24,0,864,37,115,390,0,526,97.83,-2,0
scaffold14200_Locus_14227_0_59.0_FORK,AFK49509.1,74.138,116,21,2,1192,866,1,114,0,157,78.45,-1,0
scaffold14200_Locus_14227_0_59.0_FORK,XP_007163609.1,91.304,276,24,0,864,37,112,387,0,521,97.1,-2,0
scaffold14200_Locus_14227_0_59.0_FORK,XP_007163609.1,70.796,113,27,2,1192,866,1,111,0,156,77.88,-1,0
scaffold14200_Locus_14227_0_59.0_FORK,XP_025609062.1,89.855,276,28,0,864,37,122,397,0,521,97.1,-2,0
scaffold14200_Locus_14227_0_59.0_FORK,XP_025609062.1,93.846,65,4,0,1060,866,57,121,2.92E-33,132,95.38,-1,0
scaffold14200_Locus_14227_0_59.0_FORK,XP_020221475.1,91.304,276,24,0,864,37,110,385,0,521,96.38,-2,0
scaffold14200_Locus_14227_0_59.0_FORK,XP_020221475.1,70.27,111,29,2,1192,866,1,109,0,152,77.48,-1,0
scaffold14200_Locus_14227_0_59.0_FORK,XP_020221467.1,91.304,276,24,0,864,37,112,387,0,521,96.38,-2,0
scaffold14200_Locus_14227_0_59.0_FORK,XP_020221467.1,73.451,113,24,2,1192,866,1,111,0,160,80.53,-1,0
scaffold14200_Locus_14227_0_59.0_FORK,KYP75811.1,91.304,276,24,0,864,37,115,390,0,521,96.38,-2,0
scaffold14200_Locus_14227_0_59.0_FORK,KYP75811.1,62.185,119,30,4,1192,866,1,114,3.22E-32,130,70.59,-1,0
scaffold14200_Locus_14227_0_59.0_FORK,RDY07010.1,91.304,276,24,0,864,37,100,375,0,521,96.74,-2,0
scaffold14200_Locus_14227_0_59.0_FORK,RDY07010.1,60.177,113,27,3,1192,866,1,99,8.41E-30,122,67.26,-1,0
scaffold14200_Locus_14227_0_59.0_FORK,XP_019460966.1,90.217,276,27,0,864,37,115,390,0,521,96.74,-2,0
scaffold14200_Locus_14227_0_59.0_FORK,XP_019460966.1,86.42,81,10,1,1105,866,34,114,1.59E-38,147,90.12,-1,0
scaffold14200_Locus_14227_0_59.0_FORK,XP_025664178.1,89.493,276,29,0,864,37,122,397,0,518,96.74,-2,0
scaffold14200_Locus_14227_0_59.0_FORK,XP_025664178.1,93.846,65,4,0,1060,866,57,121,2.95E-33,132,95.38,-1,0
scaffold14200_Locus_14227_0_59.0_FORK,XP_025664177.1,89.493,276,29,0,864,37,124,399,0,518,96.74,-2,0
scaffold14200_Locus_14227_0_59.0_FORK,XP_025664177.1,93.939,66,4,0,1063,866,58,123,7.22E-34,134,95.45,-1,0
scaffold14200_Locus_14227_0_59.0_FORK,XP_016166192.1,89.493,276,29,0,864,37,124,399,0,518,96.74,-2,0
scaffold14200_Locus_14227_0_59.0_FORK,XP_016166192.1,92.424,66,5,0,1063,866,58,123,9.93E-33,131,93.94,-1,0
scaffold14200_Locus_14227_0_59.0_FORK,XP_017418615.1,90.217,276,27,0,864,37,112,387,0,517,96.38,-2,0
scaffold14200_Locus_14227_0_59.0_FORK,XP_017418615.1,73.451,113,24,2,1192,866,1,111,0,155,80.53,-1,0
scaffold14200_Locus_14227_0_59.0_FORK,KOM39645.1,90.217,276,27,0,864,37,94,369,0,516,96.38,-2,0
scaffold14200_Locus_14227_0_59.0_FORK,KOM39645.1,59.292,113,22,3,1192,866,1,93,2.33E-24,107,65.49,-1,0
scaffold14200_Locus_14227_0_59.0_FORK,XP_014494576.1,89.855,276,28,0,864,37,112,387,0,515,96.01,-2,0
scaffold14200_Locus_14227_0_59.0_FORK,XP_014494576.1,70.796,113,27,2,1192,866,1,111,0,156,77.88,-1,0
scaffold14200_Locus_14227_0_59.0_FORK,XP_015973764.2,82.609,276,25,1,864,37,122,374,2.03E-162,465,88.41,-2,0
scaffold14200_Locus_14227_0_59.0_FORK,XP_015973764.2,93.846,65,4,0,1060,866,57,121,2.03E-162,133,95.38,-1,0
scaffold14200_Locus_14227_0_59.0_FORK,GAU46728.1,53.623,276,127,1,864,37,120,394,1.00E-106,303,72.83,-2,0
scaffold14200_Locus_14227_0_59.0_FORK,GAU46728.1,64.384,73,26,0,1084,866,47,119,1.00E-106,109,79.45,-1,0
scaffold14200_Locus_14227_0_59.0_FORK,PNX75430.1,93.711,159,10,0,513,37,1,159,3.08E-105,311,97.48,-2,0
scaffold14200_Locus_14227_0_59.0_FORK,AFK34407.1,91.195,159,14,0,513,37,1,159,4.61E-105,311,98.74,-2,0
scaffold14200_Locus_14227_0_59.0_FORK,XP_020231368.1,51.087,276,134,1,864,37,118,392,5.90E-105,300,73.19,-2,0
scaffold14200_Locus_14227_0_59.0_FORK,XP_020231368.1,64.384,73,26,0,1084,866,45,117,5.90E-105,107,78.08,-1,0
scaffold14200_Locus_14227_0_59.0_FORK,KYP51357.1,51.087,276,134,1,864,37,109,383,6.35E-105,300,73.19,-2,0
scaffold14200_Locus_14227_0_59.0_FORK,KYP51357.1,64.384,73,26,0,1084,866,36,108,6.35E-105,107,78.08,-1,0
scaffold14200_Locus_14227_0_59.0_FORK,XP_019443876.1,51.812,276,132,1,864,37,120,394,1.10E-104,298,72.1,-2,0
scaffold14200_Locus_14227_0_59.0_FORK,XP_019443876.1,62.667,75,28,0,1090,866,45,119,1.10E-104,108,78.67,-1,0
scaffold14200_Locus_14227_0_59.0_FORK,XP_007149382.1,51.087,276,134,1,864,37,118,392,1.37E-104,298,72.46,-2,0
scaffold14200_Locus_14227_0_59.0_FORK,XP_007149382.1,64.384,73,26,0,1084,866,45,117,1.37E-104,107,79.45,-1,0
scaffold14200_Locus_14227_0_59.0_FORK,RDX68454.1,51.087,276,134,1,864,37,119,393,1.55E-104,299,73.19,-2,0
scaffold14200_Locus_14227_0_59.0_FORK,RDX68454.1,64.384,73,26,0,1084,866,46,118,1.55E-104,106,79.45,-1,0
scaffold14200_Locus_14227_0_59.0_FORK,AFK39152.1,93.082,159,11,0,513,37,1,159,2.63E-104,309,97.48,-2,0
scaffold14200_Locus_14227_0_59.0_FORK,XP_017425855.1,51.087,276,134,1,864,37,117,391,3.32E-104,298,73.19,-2,0
scaffold14200_Locus_14227_0_59.0_FORK,XP_017425855.1,64.384,73,26,0,1084,866,44,116,3.32E-104,106,79.45,-1,0
scaffold14200_Locus_14227_0_59.0_FORK,XP_006592935.1,51.087,276,134,1,864,37,121,395,7.02E-104,297,73.55,-2,0
scaffold14200_Locus_14227_0_59.0_FORK,XP_006592935.1,63.014,73,27,0,1084,866,48,120,7.02E-104,105,78.08,-1,0
scaffold14200_Locus_14227_0_59.0_FORK,XP_003540489.1,51.087,276,134,1,864,37,120,394,7.32E-104,297,73.55,-2,0
scaffold14200_Locus_14227_0_59.0_FORK,XP_003540489.1,63.014,73,27,0,1084,866,47,119,7.32E-104,105,78.08,-1,0
scaffold14200_Locus_14227_0_59.0_FORK,XP_006592936.1,51.087,276,134,1,864,37,119,393,8.22E-104,297,73.55,-2,0
scaffold14200_Locus_14227_0_59.0_FORK,XP_006592936.1,63.014,73,27,0,1084,866,46,118,8.22E-104,105,78.08,-1,0
scaffold14200_Locus_14227_0_59.0_FORK,XP_014521546.1,51.087,276,134,1,864,37,117,391,9.47E-104,296,72.46,-2,0
scaffold14200_Locus_14227_0_59.0_FORK,XP_014521546.1,64.384,73,26,0,1084,866,44,116,9.47E-104,106,79.45,-1,0
scaffold14200_Locus_14227_0_59.0_FORK,XP_014521545.1,51.087,276,134,1,864,37,118,392,1.02E-103,296,72.46,-2,0
scaffold14200_Locus_14227_0_59.0_FORK,XP_014521545.1,64.384,73,26,0,1084,866,45,117,1.02E-103,106,79.45,-1,0
scaffold14200_Locus_14227_0_59.0_FORK,XP_003596359.1,52.536,276,130,1,864,37,121,395,1.64E-103,296,72.46,-2,0
scaffold14200_Locus_14227_0_59.0_FORK,XP_003596359.1,69.697,66,20,0,1063,866,55,120,1.64E-103,105,80.3,-1,0
scaffold14200_Locus_14227_0_59.0_FORK,XP_006594732.1,50.725,276,135,1,864,37,119,393,2.84E-103,296,73.55,-2,0
scaffold14200_Locus_14227_0_59.0_FORK,XP_006594732.1,63.014,73,27,0,1084,866,46,118,2.84E-103,105,79.45,-1,0
scaffold14200_Locus_14227_0_59.0_FORK,XP_003543210.1,50.725,276,135,1,864,37,120,394,2.88E-103,296,73.55,-2,0
scaffold14200_Locus_14227_0_59.0_FORK,XP_003543210.1,63.014,73,27,0,1084,866,47,119,2.88E-103,105,79.45,-1,0
scaffold14200_Locus_14227_0_59.0_FORK,XP_006594731.1,50.725,276,135,1,864,37,121,395,2.96E-103,296,73.55,-2,0
scaffold14200_Locus_14227_0_59.0_FORK,XP_006594731.1,63.014,73,27,0,1084,866,48,120,2.96E-103,105,79.45,-1,0
scaffold14200_Locus_14227_0_59.0_FORK,XP_017442451.1,91.195,159,14,0,513,37,1,159,3.16E-103,306,96.23,-2,0
scaffold14200_Locus_14227_0_59.0_FORK,KOM43413.1,51.087,276,134,1,864,37,117,391,7.69E-103,297,73.19,-2,0
scaffold14200_Locus_14227_0_59.0_FORK,KOM43413.1,68.182,66,21,0,1063,866,51,116,7.69E-103,102,80.3,-1,0
scaffold14200_Locus_14227_0_59.0_FORK,XP_014620580.1,51.087,276,134,1,864,37,71,345,1.78E-102,297,73.55,-2,0
scaffold14200_Locus_14227_0_59.0_FORK,XP_014620580.1,66.667,66,22,0,1063,866,5,70,1.78E-102,101,78.79,-1,0
scaffold14200_Locus_14227_0_59.0_FORK,KOM58634.1,91.515,165,14,0,531,37,444,608,1.80E-102,320,96.36,-2,0
scaffold14200_Locus_14227_0_59.0_FORK,KHN36887.1,50.725,276,135,1,864,37,72,346,5.03E-102,296,73.55,-2,0
scaffold14200_Locus_14227_0_59.0_FORK,KHN36887.1,66.667,66,22,0,1063,866,6,71,5.03E-102,101,80.3,-1,0
scaffold14200_Locus_14227_0_59.0_FORK,OIW11581.1,51.812,276,132,1,864,37,48,322,4.39E-97,298,72.1,-2,0
scaffold14200_Locus_14227_0_59.0_FORK,OIW11581.1,72.34,47,13,0,1006,866,1,47,2.51E-15,80.9,87.23,-1,0
scaffold14200_Locus_14227_0_59.0_FORK,XP_015933652.1,51.449,276,133,1,864,37,18,292,9.16E-97,296,71.74,-2,0
scaffold14200_Locus_14227_0_59.0_FORK,KRH21966.1,50.725,276,135,1,864,37,18,292,1.10E-96,295,73.55,-2,0
scaffold14200_Locus_14227_0_59.0_FORK,XP_015933651.1,51.449,276,133,1,864,37,48,322,1.18E-96,296,71.74,-2,0
scaffold14200_Locus_14227_0_59.0_FORK,XP_015933651.1,54.286,70,24,2,1006,812,1,67,6.80E-15,79.7,70,-1,0
scaffold14200_Locus_14227_0_59.0_FORK,XP_016171563.1,50.725,276,135,1,864,37,18,292,6.04E-96,294,71.74,-2,0
scaffold14200_Locus_14227_0_59.0_FORK,XP_016171562.1,50.725,276,135,1,864,37,48,322,7.10E-96,295,71.74,-2,0
scaffold14200_Locus_14227_0_59.0_FORK,XP_016171562.1,54.286,70,24,2,1006,812,1,67,6.31E-15,79.7,70,-1,0
scaffold14200_Locus_14227_0_59.0_FORK,XP_015933649.1,51.449,276,133,1,864,37,117,391,9.96E-96,296,71.74,-2,0
scaffold14200_Locus_14227_0_59.0_FORK,XP_015933649.1,43.284,134,66,4,1195,812,7,136,1.31E-22,103,58.21,-1,0
scaffold14200_Locus_14227_0_59.0_FORK,XP_016171561.1,50.725,276,135,1,864,37,117,391,4.82E-95,295,71.74,-2,0
scaffold14200_Locus_14227_0_59.0_FORK,XP_016171561.1,52.128,94,37,2,1078,812,46,136,1.45E-22,103,69.15,-1,0
scaffold14200_Locus_14227_0_59.0_FORK,AFK42086.1,50.714,280,137,1,864,25,117,395,1.26E-94,294,70.71,-2,0
scaffold14200_Locus_14227_0_59.0_FORK,AFK42086.1,54.167,96,36,2,1084,812,44,136,9.89E-25,109,69.79,-1,0
scaffold14200_Locus_14227_0_59.0_FORK,XP_004489026.1,51.852,216,103,1,864,217,120,334,4.34E-83,226,72.22,-2,0
scaffold14200_Locus_14227_0_59.0_FORK,XP_004489026.1,64.384,73,26,0,1084,866,47,119,4.34E-83,107,79.45,-1,0
scaffold14200_Locus_14227_0_59.0_FORK,ACJ85135.1,48.848,217,109,2,864,217,121,336,2.06E-75,203,68.2,-2,0
scaffold14200_Locus_14227_0_59.0_FORK,ACJ85135.1,69.697,66,20,0,1063,866,55,120,2.06E-75,105,80.3,-1,0
scaffold14200_Locus_14227_0_59.0_FORK,XP_020986158.1,48.325,209,107,1,864,238,122,329,5.27E-73,205,69.38,-2,0
scaffold14200_Locus_14227_0_59.0_FORK,XP_020986158.1,57.746,71,30,0,1078,866,51,121,5.27E-73,95.1,74.65,-1,0
scaffold14200_Locus_14227_0_59.0_FORK,XP_020986157.1,48.325,209,107,1,864,238,151,358,6.07E-73,205,69.38,-2,0
scaffold14200_Locus_14227_0_59.0_FORK,XP_020986157.1,57.746,71,30,0,1078,866,80,150,6.07E-73,95.1,74.65,-1,0
scaffold14200_Locus_14227_0_59.0_FORK,XP_015938931.2,48.325,209,107,1,864,238,109,316,9.75E-73,205,69.38,-2,0
scaffold14200_Locus_14227_0_59.0_FORK,XP_015938931.2,60.294,68,27,0,1069,866,41,108,9.75E-73,94.4,75,-1,0
scaffold14200_Locus_14227_0_59.0_FORK,XP_015938930.1,48.325,209,107,1,864,238,48,255,7.94E-67,205,69.38,-2,0
scaffold14200_Locus_14227_0_59.0_FORK,XP_015938930.1,65.957,47,16,0,1006,866,1,47,7.94E-67,74.7,80.85,-1,0
scaffold14200_Locus_14227_0_59.0_FORK,PNX86649.1,88.991,109,10,1,864,544,38,146,1.92E-65,196,96.33,-2,0
scaffold14200_Locus_14227_0_59.0_FORK,PNX86649.1,94.595,37,2,0,976,866,1,37,1.92E-65,79,97.3,-1,0
scaffold14200_Locus_14227_0_59.0_FORK,AFK37069.1,48,175,90,1,864,340,121,294,5.99E-64,165,69.14,-2,0
scaffold14200_Locus_14227_0_59.0_FORK,AFK37069.1,69.697,66,20,0,1063,866,55,120,5.99E-64,105,80.3,-1,0
scaffold14200_Locus_14227_0_59.0_FORK,XP_020979774.1,47.847,209,108,1,864,238,18,225,1.02E-62,206,70.33,-2,0
scaffold14200_Locus_14227_0_59.0_FORK,XP_025654685.1,47.847,209,108,1,864,238,40,247,1.81E-62,206,70.33,-2,0
scaffold14200_Locus_14227_0_59.0_FORK,XP_025654685.1,47.541,61,26,2,982,812,1,59,4.97E-08,58.2,63.93,-1,0
scaffold14200_Locus_14227_0_59.0_FORK,XP_015938923.1,48.325,209,107,1,864,238,18,225,4.15E-62,205,69.38,-2,0
scaffold14200_Locus_14227_0_59.0_FORK,PNY02732.1,48.734,158,80,1,864,391,102,258,4.15E-60,149,68.99,-2,0
scaffold14200_Locus_14227_0_59.0_FORK,PNY02732.1,68.657,67,21,0,1066,866,35,101,4.15E-60,107,82.09,-1,0
scaffold14200_Locus_14227_0_59.0_FORK,XP_016178266.1,42.308,182,103,2,816,274,87,267,2.36E-43,156,67.03,-2,0
scaffold14200_Locus_14227_0_59.0_FORK,XP_025647603.1,45,160,79,1,639,160,53,203,1.36E-41,150,63.12,-2,0
scaffold14200_Locus_14227_0_59.0_FORK,XP_020978101.1,50.758,132,65,0,555,160,80,211,2.53E-41,149,71.21,-2,0
scaffold14200_Locus_14227_0_59.0_FORK,AFK46459.1,72.072,111,22,2,1192,881,1,109,3.37E-40,143,76.58,-1,0
scaffold14200_Locus_14227_0_59.0_FORK,XP_025665105.1,43.125,160,90,1,864,385,152,310,1.01E-37,142,67.5,-2,0
scaffold14200_Locus_14227_0_59.0_FORK,XP_025665105.1,48,50,18,2,943,809,126,172,6.72E-04,45.8,64,-1,0
scaffold14200_Locus_14227_0_59.0_FORK,XP_020963516.1,51.304,115,56,0,504,160,44,158,8.46E-36,133,72.17,-2,0
scaffold14200_Locus_14227_0_59.0_FORK,PNX97929.1,62.5,88,33,0,300,37,4,91,3.65E-32,121,78.41,-2,0
scaffold14200_Locus_14227_0_59.0_FORK,GAU44874.1,60.656,61,24,0,1048,866,19,79,3.79E-25,85.9,73.77,-1,0
scaffold14200_Locus_14227_0_59.0_FORK,GAU44874.1,53.125,64,29,1,864,673,80,142,3.79E-25,54.7,64.06,-2,0
scaffold14200_Locus_14227_0_59.0_FORK,XP_020999660.1,50.549,91,43,1,1078,812,24,114,8.78E-23,99,67.03,-1,0
scaffold14200_Locus_14227_0_59.0_FORK,XP_020999660.1,38.667,75,45,1,861,637,96,169,5.32E-04,45.1,56,-2,0
scaffold14200_Locus_14227_0_59.0_FORK,PNX58403.1,82.609,69,9,1,1183,986,5,73,1.50E-21,92,85.51,-1,0
scaffold14200_Locus_14227_0_59.0_FORK,XP_020973237.1,52.222,90,35,2,1066,812,9,95,2.15E-21,94,66.67,-1,0
scaffold14200_Locus_14227_0_59.0_FORK,GAU23196.1,26.606,109,69,3,411,109,165,270,6.8,33.1,46.79,-2,0
C196012_59.0,XP_013460594.1,89.394,264,28,0,1217,426,1,264,3.60E-174,491,93.56,-3,0
C196012_59.0,XP_012572024.1,88.636,264,30,0,1217,426,1,264,1.76E-173,489,93.94,-3,0
C196012_59.0,NP_001296625.1,88.258,264,31,0,1217,426,1,264,1.32E-172,487,93.56,-3,0
C196012_59.0,NP_001296625.1,88.258,264,31,0,1217,426,1,264,1.32E-172,487,93.56,-3,0
C196012_59.0,GAU50719.1,89.394,264,27,1,1214,426,3,266,6.49E-172,486,92.8,-3,0
C196012_59.0,AAY52461.1,82.576,264,43,2,1217,426,1,261,4.87E-155,442,88.64,-3,0
C196012_59.0,XP_020225060.1,82.022,267,42,3,1217,426,1,264,4.53E-154,440,87.64,-3,0
C196012_59.0,NP_001236929.2,82.197,264,44,2,1217,426,1,261,1.31E-153,439,87.88,-3,0
C196012_59.0,XP_019439483.1,79.851,268,50,2,1217,426,1,268,5.56E-152,435,86.57,-3,0
C196012_59.0,AFK45329.1,87.029,239,31,0,1217,501,1,239,1.30E-149,428,91.21,-3,0
C196012_59.0,AAY85184.1,80.303,264,47,2,1217,426,1,259,1.47E-148,426,86.74,-3,0
C196012_59.0,XP_007163386.1,80.377,265,48,2,1217,426,1,262,1.69E-148,426,84.91,-3,0
C196012_59.0,XP_003538394.1,80.303,264,47,2,1217,426,1,259,2.69E-148,426,86.74,-3,0
C196012_59.0,XP_014494748.1,78.868,265,52,2,1217,426,1,262,7.03E-147,422,86.04,-3,0
C196012_59.0,XP_017418984.1,78.868,265,52,2,1217,426,1,262,1.15E-146,421,85.28,-3,0
C196012_59.0,XP_025690332.1,81.509,265,46,2,1217,426,1,263,3.19E-145,418,87.17,-3,0
C196012_59.0,XP_025638534.1,81.132,265,47,2,1217,426,1,263,2.38E-144,416,86.42,-3,0
C196012_59.0,RDX57856.1,78.652,267,45,4,1217,432,1,260,2.65E-141,414,85.02,-3,0
C196012_59.0,XP_019459154.1,73.881,268,61,3,1217,426,1,263,6.54E-139,402,84.33,-3,0
C196012_59.0,XP_015956745.1,86.758,219,29,0,1082,426,1,219,5.47E-135,390,91.32,-3,0
C196012_59.0,KRH30941.1,80.508,236,41,2,1217,510,1,231,1.85E-130,379,86.86,-3,0
C196012_59.0,OIW14166.1,79.167,240,46,2,1217,510,1,240,9.38E-129,385,86.25,-3,0
C196012_59.0,KOM39219.1,76.113,247,55,2,1217,480,1,244,8.99E-127,376,83,-3,0
C196012_59.0,ACJ86279.1,85.204,196,29,0,1217,630,1,196,2.78E-118,347,90.82,-3,0
C196012_59.0,AKU47314.1,94.268,157,9,0,1052,582,1,157,1.97E-100,300,95.54,-3,0
C196012_59.0,XP_020207160.1,64.423,208,74,0,1055,432,3,210,7.92E-94,285,78.37,-3,0
C196012_59.0,XP_004497312.1,61.429,210,81,0,1055,426,3,212,4.91E-93,283,79.52,-3,0
C196012_59.0,GAU12147.1,62.5,208,78,0,1055,432,3,210,4.16E-92,281,78.37,-3,0
C196012_59.0,AFK38549.1,59.276,221,89,1,1085,426,25,245,5.56E-91,279,76.47,-3,0
C196012_59.0,XP_014510876.1,63.636,209,75,1,1055,432,3,211,1.17E-90,277,77.51,-3,0
C196012_59.0,XP_017412557.1,64.115,209,74,1,1055,432,3,211,1.39E-90,277,77.51,-3,0
C196012_59.0,NP_001236937.2,63.636,209,75,1,1055,432,3,211,2.21E-90,276,77.99,-3,0
C196012_59.0,XP_019452567.1,60.577,208,82,0,1055,432,3,210,2.40E-89,274,77.4,-3,0
C196012_59.0,XP_013470460.1,60,210,84,0,1055,426,3,212,3.32E-89,273,78.1,-3,0
C196012_59.0,ACU14052.1,63.158,209,76,1,1055,432,3,211,4.75E-89,273,77.51,-3,0
C196012_59.0,XP_019427688.1,60.096,208,83,0,1055,432,3,210,7.65E-89,272,78.37,-3,0
C196012_59.0,NP_001242242.2,62.201,209,78,1,1055,432,3,211,1.11E-88,272,77.03,-3,0
C196012_59.0,PNX76279.1,88.591,149,16,1,1217,774,1,149,2.72E-88,269,91.95,-3,0
C196012_59.0,PNX75228.1,88.591,149,16,1,1217,774,1,149,3.02E-88,268,91.95,-3,0
C196012_59.0,ACJ84466.1,59.048,210,86,0,1055,426,3,212,3.85E-88,271,77.62,-3,0
C196012_59.0,XP_015942302.1,60.476,210,83,0,1055,426,3,212,9.06E-88,270,73.81,-3,0
C196012_59.0,XP_025620947.1,60.476,210,83,0,1055,426,3,212,1.35E-87,269,73.81,-3,0
C196012_59.0,KHN37319.1,61.244,209,80,1,1055,432,3,211,3.33E-87,268,76.56,-3,0
C196012_59.0,XP_016176231.1,60,210,84,0,1055,426,3,212,4.31E-87,268,73.33,-3,0
C196012_59.0,GAU12146.1,60.096,208,83,0,1055,432,3,210,7.18E-87,267,75.96,-3,0
C196012_59.0,XP_007142703.1,64.5,200,70,1,1022,426,14,213,3.94E-86,265,77,-3,0
C196012_59.0,ACU20520.1,62.371,194,73,0,1055,474,3,196,2.32E-83,258,77.84,-3,0
C196012_59.0,RDX87903.1,55.702,228,81,2,1055,432,3,230,1.79E-81,256,70.61,-3,0
C196012_59.0,AFK39744.1,76.774,155,33,2,1217,753,1,152,5.11E-75,235,83.23,-3,0
C196012_59.0,XP_020963912.1,80.137,146,29,0,1010,573,10,155,6.02E-75,234,86.3,-3,0
C196012_59.0,ACU18720.1,69.461,167,46,2,1217,717,1,162,2.73E-72,228,79.04,-3,0
C196012_59.0,ACU18720.1,35.789,95,53,2,967,683,87,173,1.02E-04,47,47.37,-1,0
C196012_59.0,OIW02668.1,66.234,154,43,3,1217,768,1,149,1.63E-60,197,77.27,-3,0
C196012_59.0,XP_020997264.1,81.416,113,21,0,911,573,29,141,2.37E-56,186,87.61,-3,0
C196012_59.0,XP_025692847.1,82.456,114,19,1,911,573,2,115,2.79E-56,185,87.72,-3,0
C196012_59.0,XP_020210473.1,64.486,107,38,0,1055,735,3,109,9.93E-39,139,73.83,-3,0
C196012_59.0,KYP75478.1,64.486,107,38,0,1055,735,47,153,2.04E-38,140,73.83,-3,0
C196012_59.0,PNX55982.1,86.885,61,8,0,608,426,1,61,1.51E-29,113,91.8,-3,0
C196012_59.0,KOM37906.1,75.325,77,19,0,878,648,241,317,2.80E-28,120,83.12,-3,0
C196012_59.0,PNX66320.1,67.949,78,25,0,1001,768,1,78,4.19E-28,110,79.49,-3,0
C196012_59.0,KYP30947.1,56,75,33,0,734,510,1,75,3.74E-23,98.6,80,-3,0
C196012_59.0,XP_020211984.1,28.643,199,121,8,1004,450,36,227,4.08E-11,67,49.25,-3,0
C196012_59.0,KYP70829.1,28.643,199,121,8,1004,450,50,241,6.95E-11,66.6,49.25,-3,0
C196012_59.0,GAU23032.1,28.788,198,122,7,1004,450,36,227,1.27E-10,65.5,46.97,-3,0
C196012_59.0,NP_001304567.1,28.141,199,122,8,1004,450,36,227,1.31E-10,65.5,48.24,-3,0
C196012_59.0,KHN02381.1,27.451,204,127,8,1004,435,36,232,1.69E-10,65.5,48.53,-3,0
C196012_59.0,GAU49273.1,27.723,202,125,8,1004,441,36,230,2.64E-10,64.7,48.02,-3,0
C196012_59.0,XP_004497444.1,26.471,204,129,8,1004,435,36,232,2.70E-10,64.7,49.02,-3,0
C196012_59.0,KEH42308.1,26.733,202,127,8,1004,441,33,227,4.18E-10,63.9,48.51,-3,0
C196012_59.0,XP_013468274.1,26.733,202,127,8,1004,441,36,230,4.43E-10,63.9,48.51,-3,0
C196012_59.0,XP_019443033.1,28.283,198,121,8,1004,453,36,226,5.20E-10,63.9,48.99,-3,0
C196012_59.0,GAU23057.1,27.451,204,127,8,1004,435,36,232,9.03E-10,63.2,47.55,-3,0
C196012_59.0,PNY00140.1,27.861,201,131,7,1004,432,62,258,1.29E-09,63.2,47.76,-3,0
C196012_59.0,XP_007162706.1,27.136,199,124,8,1004,450,36,227,1.82E-09,62,48.24,-3,0
C196012_59.0,AGV54665.1,27.136,199,124,8,1004,450,36,227,1.87E-09,62,48.24,-3,0
C196012_59.0,XP_014496329.1,27.136,199,124,8,1004,450,36,227,2.88E-09,61.6,47.74,-3,0
C196012_59.0,PNX83510.1,31.902,163,97,7,1004,546,62,220,4.29E-09,61.2,49.08,-3,0
C196012_59.0,XP_004493930.1,27.778,198,124,7,1004,450,36,227,5.86E-09,60.5,45.45,-3,0
C196012_59.0,ACJ84312.1,26.238,202,128,8,1004,441,36,230,6.20E-09,60.5,48.02,-3,0
C196012_59.0,XP_004493928.1,28.571,196,108,9,1004,474,36,218,7.04E-09,60.5,45.92,-3,0
C196012_59.0,PNX56008.1,60,40,16,0,776,657,38,77,8.63E-09,56.2,82.5,-3,0
C196012_59.0,XP_017418467.1,26.633,199,125,8,1004,450,36,227,2.66E-08,58.5,47.24,-3,0
C196012_59.0,XP_014508592.1,33.962,159,84,8,1013,591,14,169,2.70E-08,58.2,50.31,-3,0
C196012_59.0,KOM38958.1,26.633,199,125,8,1004,450,36,227,2.94E-08,58.5,47.24,-3,0
C196012_59.0,XP_014508591.1,33.962,159,84,8,1013,591,15,170,3.00E-08,58.2,50.31,-3,0
C196012_59.0,KYP37676.1,26.108,203,131,7,1004,435,28,224,3.15E-08,58.5,46.8,-3,0
C196012_59.0,XP_020204613.1,26.108,203,131,7,1004,435,33,229,3.27E-08,58.5,46.8,-3,0
C196012_59.0,XP_025647561.1,23.881,201,134,7,1004,441,36,230,3.76E-08,58.2,45.77,-3,0
C196012_59.0,XP_020213594.1,26.601,203,130,7,1004,435,36,232,4.33E-08,58.2,44.83,-3,0
C196012_59.0,XP_020212601.1,26.131,199,127,7,1004,450,33,225,4.71E-08,57.8,45.23,-3,0
C196012_59.0,KYP70828.1,26.471,204,130,7,1004,435,28,225,4.81E-08,57.8,44.61,-3,0
C196012_59.0,XP_004493929.1,31.953,169,83,9,1004,555,36,191,6.30E-08,57,45.56,-3,0
C196012_59.0,OIW12211.1,34,150,78,8,1004,597,36,178,6.55E-08,57.4,50,-3,0
C196012_59.0,XP_015947226.1,23.383,201,135,7,1004,441,36,230,9.97E-08,57,45.27,-3,0
C196012_59.0,XP_016183319.1,23.383,201,135,7,1004,441,36,230,1.02E-07,57,45.77,-3,0
C196012_59.0,KRG95901.1,31.875,160,88,8,1004,567,36,188,1.19E-07,56.2,47.5,-3,0
C196012_59.0,BAT77269.1,28.934,197,111,8,1103,591,1,194,1.40E-07,56.6,43.65,-3,0
C196012_59.0,RDY01248.1,28.272,191,116,8,1004,474,49,232,1.95E-07,57.8,46.6,-3,0
C196012_59.0,RDX61769.1,24.378,201,133,7,1004,441,36,230,1.97E-07,56.2,45.27,-3,0
C196012_59.0,XP_015969953.1,29.353,201,98,9,1004,432,36,202,2.09E-07,55.8,42.79,-3,0
C196012_59.0,XP_020960021.1,28.856,201,99,9,1004,432,36,202,2.34E-07,55.5,43.28,-3,0
C207980_54.0,GAU22443.1,87.55,498,57,2,1763,285,2,499,0,886,92.97,-1,0
C207980_54.0,PNX76336.1,88.391,491,53,2,1748,288,1,491,0,881,93.89,-1,0
C207980_54.0,PNX72448.1,88.367,490,53,2,1763,306,2,491,0,878,93.88,-1,0
C207980_54.0,PNX83736.1,88.866,485,50,2,1730,288,1,485,0,874,94.23,-1,0
C207980_54.0,PNX82250.1,88.66,485,51,2,1748,306,6,490,0,873,94.02,-1,0
C207980_54.0,PNX72702.1,88.866,485,50,2,1730,288,1,485,0,873,94.23,-1,0
C207980_54.0,XP_004503106.1,84.959,492,69,1,1748,288,1,492,0,858,92.48,-1,0
C207980_54.0,XP_003600668.2,85.743,491,63,2,1748,282,1,486,0,838,92.26,-1,0
C207980_54.0,XP_020228225.1,81.855,496,84,3,1766,288,4,496,0,826,90.52,-1,0
C207980_54.0,XP_020228226.1,82.245,490,84,2,1748,288,1,490,0,826,91.02,-1,0
C207980_54.0,XP_019460900.1,81.224,490,89,2,1748,288,1,490,0,826,91.63,-1,0
C207980_54.0,XP_014515012.1,81.174,494,89,2,1766,288,4,494,0,824,90.89,-1,0
C207980_54.0,XP_007135475.1,81.377,494,88,2,1766,288,4,494,0,823,90.89,-1,0
C207980_54.0,XP_017407369.1,80.972,494,90,2,1766,288,4,494,0,822,90.69,-1,0
C207980_54.0,XP_003538383.1,81.01,495,82,4,1766,288,4,488,0,810,89.9,-1,0
C207980_54.0,KHN08788.1,79.596,495,89,4,1766,288,4,488,0,801,89.29,-1,0
C207980_54.0,KRG97977.1,80.873,481,87,2,1766,330,4,481,0,800,90.64,-1,0
C207980_54.0,XP_016190353.1,78.689,488,100,3,1739,288,2,489,0,786,88.93,-1,0
C207980_54.0,XP_025690368.1,77.664,488,105,3,1739,288,2,489,0,779,88.52,-1,0
C207980_54.0,XP_015956718.1,77.459,488,106,3,1739,288,2,489,0,777,88.52,-1,0
C207980_54.0,XP_025638604.1,77.869,488,98,5,1739,288,2,483,0,764,87.3,-1,0
C207980_54.0,RDX95125.1,83.149,451,73,2,1631,288,90,540,0,758,92.24,-1,0
C207980_54.0,KRH03172.1,78.541,466,88,2,1748,357,1,456,0,742,87.77,-1,0
C207980_54.0,XP_019460901.1,74.385,488,81,2,1748,288,1,445,0,738,83.61,-1,0
C207980_54.0,XP_025649899.1,68.191,481,131,5,1700,282,34,500,0,654,81.29,-1,0
C207980_54.0,XP_016196790.1,68.191,481,131,5,1700,282,3,469,0,654,81.29,-1,0
C207980_54.0,XP_015962337.1,67.568,481,134,5,1700,282,3,469,0,650,80.67,-1,0
C207980_54.0,XP_025696630.1,67.36,481,135,5,1700,282,3,469,0,649,80.67,-1,0
C207980_54.0,RHN63526.1,71.757,478,84,7,1763,345,11,442,0,641,79.29,-1,0
C207980_54.0,AES91174.2,70.084,478,82,7,1763,345,2,423,0,619,77.41,-1,0
C207980_54.0,AET00425.1,59.413,409,165,1,1712,486,14,421,8.86E-162,476,73.59,-1,0
C207980_54.0,PNY12294.1,55.639,399,133,4,1475,285,1,357,2.67E-130,391,66.92,-1,0
C207980_54.0,GAU12385.1,56.952,374,132,3,1475,360,1,347,2.13E-128,388,68.98,-1,0
C207980_54.0,RHN68089.1,91,200,18,0,1748,1149,1,200,1.38E-121,364,95.5,-1,0
C207980_54.0,KHN18380.1,84.314,204,29,1,1766,1155,4,204,5.83E-112,339,91.67,-1,0
C207980_54.0,KYP57101.1,57.239,297,50,3,1178,288,89,308,6.37E-106,327,66.67,-1,0
C207980_54.0,KYP57101.1,56.41,117,11,2,1766,1416,4,80,1.88E-29,123,59.83,-1,0
C207980_54.0,XP_024639438.1,59.6,250,101,0,1235,486,2,251,7.45E-94,295,71.2,-1,0
C207980_54.0,XP_004491357.1,42.667,300,118,6,1259,375,10,260,1.07E-65,220,58,-1,0
C207980_54.0,AFK43459.1,73.684,133,28,2,674,282,1,128,2.45E-58,196,84.96,-1,0
C207980_54.0,XP_003617332.2,37.059,340,165,11,1256,285,23,329,1.49E-53,190,50.59,-1,0
C207980_54.0,XP_004496834.1,68.8,125,36,1,674,300,1,122,1.85E-50,175,83.2,-1,0
C207980_54.0,AET00252.2,40.909,286,139,7,1133,285,16,274,4.70E-50,179,52.1,-1,0
C207980_54.0,XP_003617266.1,37.941,340,154,11,1277,345,5,316,1.46E-49,179,49.12,-1,0
C207980_54.0,AFK42483.1,37.941,340,154,11,1277,345,5,316,1.59E-49,179,49.12,-1,0
C207980_54.0,XP_003617402.1,37.168,339,157,10,1277,345,5,315,3.76E-48,176,48.38,-1,0
C207980_54.0,XP_003617522.2,37.812,320,148,10,1256,366,15,306,4.54E-48,176,50.31,-1,0
C207980_54.0,XP_003610784.1,36.023,347,144,11,1277,342,5,308,4.45E-46,170,48.41,-1,0
C207980_54.0,XP_003610929.1,37.805,328,136,11,1277,369,5,289,1.26E-45,168,50.3,-1,0
C207980_54.0,XP_003611210.2,35.511,352,153,12,1277,348,5,324,1.37E-44,166,47.16,-1,0
C207980_54.0,AES94184.2,35.511,352,153,12,1277,348,5,324,2.34E-44,166,46.88,-1,0
C207980_54.0,XP_003611226.3,35.511,352,153,12,1277,348,8,327,2.54E-44,166,46.88,-1,0
C207980_54.0,AET00481.1,40.756,238,101,6,1019,366,8,225,8.07E-39,147,49.58,-1,0
C207980_54.0,AET00390.1,35.938,320,136,9,1256,366,15,288,1.66E-38,149,46.25,-1,0
C207980_54.0,GAU19655.1,60.976,123,42,2,818,468,48,170,1.37E-37,142,72.36,-1,0
C207980_54.0,GAU19655.1,53.125,64,30,0,1673,1482,1,64,1.60E-15,80.1,73.44,-1,0
C207980_54.0,PNY12293.1,47.531,162,56,3,839,360,2,136,5.57E-34,131,58.64,-1,0
C207980_54.0,KHN48121.1,80,75,15,0,905,681,6,80,1.59E-33,127,89.33,-1,0
C207980_54.0,PNX54805.1,35.676,185,108,7,1361,822,1,179,1.60E-24,105,54.59,-1,0
C207980_54.0,BAT98326.1,54.348,92,39,2,674,402,15,104,6.10E-22,95.1,70.65,-1,0
C207980_54.0,KOM25825.1,79.63,54,11,0,1745,1584,8,61,2.57E-21,95.1,83.33,-1,0
C207980_54.0,KOM25825.1,50.538,93,43,2,677,402,60,150,1.83E-19,89.7,68.82,-1,0
C207980_54.0,GAU19654.1,42,150,60,5,809,393,16,149,2.48E-19,89.4,54.67,-1,0
C207980_54.0,RHN61236.1,32.258,217,97,6,1013,366,9,176,4.93E-19,89.7,45.62,-1,0
C207980_54.0,RHN57571.1,36.022,186,76,5,851,363,50,215,1.44E-18,89.7,45.7,-1,0
C207980_54.0,KEH19161.1,65.517,58,20,0,1022,849,12,69,1.13E-17,82.4,75.86,-1,0
C207980_54.0,PNX80129.1,41.722,151,43,5,833,396,36,146,1.14E-16,81.6,52.32,-1,0
C207980_54.0,PNX80129.1,61.404,57,22,0,1652,1482,1,57,6.00E-15,76.6,78.95,-1,0
C207980_54.0,PNY06564.1,61.404,57,22,0,1652,1482,1,57,4.07E-15,75.9,78.95,-1,0
C207980_54.0,PNY06564.1,65,60,16,1,833,669,36,95,5.64E-13,70.1,73.33,-1,0
C207980_54.0,KEH30394.1,33.152,184,77,5,833,366,31,196,1.49E-14,77.4,46.2,-1,0
C207980_54.0,RDX95121.1,80.851,47,9,0,286,426,785,831,4.41E-12,73.9,80.85,1,0
C207980_54.0,KEH17752.1,68.421,38,12,0,998,885,40,77,5.76E-11,63.2,78.95,-1,0
C207980_54.0,PNX55979.1,35.922,103,47,4,665,360,1,85,6.24E-08,55.1,54.37,-1,0
C207980_54.0,AET00522.1,39.45,109,41,3,1097,771,3,86,1.80E-07,54.3,46.79,-1,0
C207980_54.0,AFK44396.1,67.647,34,11,0,316,417,30,63,4.70E-05,46.2,70.59,1,0
scaffold25376_Locus_46472_0_39.2_LINEAR,GAU33703.1,84.932,365,54,1,2633,1542,45,409,0,536,92.88,-2,0
scaffold25376_Locus_46472_0_39.2_LINEAR,XP_003601245.1,87.977,341,41,0,2564,1542,54,394,1.09E-180,533,95.89,-2,0
scaffold25376_Locus_46472_0_39.2_LINEAR,XP_004501915.1,83.008,359,61,0,2621,1545,74,432,1.84E-174,518,92.76,-2,0
scaffold25376_Locus_46472_0_39.2_LINEAR,XP_020231197.1,81.868,364,66,0,2633,1542,31,394,3.37E-171,508,93.13,-2,0
scaffold25376_Locus_46472_0_39.2_LINEAR,AFK40049.1,84.012,344,55,0,2564,1533,59,402,1.26E-170,507,93.02,-2,0
scaffold25376_Locus_46472_0_39.2_LINEAR,XP_004501916.1,83.239,352,59,0,2621,1566,74,425,2.06E-170,508,92.9,-2,0
scaffold25376_Locus_46472_0_39.2_LINEAR,XP_020231196.1,84.57,337,52,0,2552,1542,65,401,8.35E-170,505,93.77,-2,0
scaffold25376_Locus_46472_0_39.2_LINEAR,XP_016179541.1,83.481,339,56,0,2564,1548,68,406,1.15E-167,499,92.63,-2,0
scaffold25376_Locus_46472_0_39.2_LINEAR,XP_015937793.1,83.186,339,57,0,2564,1548,68,406,4.98E-167,498,92.04,-2,0
scaffold25376_Locus_46472_0_39.2_LINEAR,XP_025616137.1,83.186,339,57,0,2564,1548,68,406,1.34E-166,497,92.04,-2,0
scaffold25376_Locus_46472_0_39.2_LINEAR,RDX70073.1,81.073,354,54,2,2564,1542,96,449,7.45E-165,494,88.98,-2,0
scaffold25376_Locus_46472_0_39.2_LINEAR,XP_017420960.1,79.722,360,73,0,2621,1542,40,399,4.17E-164,490,91.67,-2,0
scaffold25376_Locus_46472_0_39.2_LINEAR,XP_014500001.1,79.167,360,75,0,2621,1542,35,394,5.92E-163,487,91.11,-2,0
scaffold25376_Locus_46472_0_39.2_LINEAR,XP_007138060.1,78.889,360,76,0,2621,1542,40,399,9.64E-163,487,90.83,-2,0
scaffold25376_Locus_46472_0_39.2_LINEAR,XP_003523084.1,81.657,338,62,0,2564,1551,57,394,1.17E-161,484,93.2,-2,0
scaffold25376_Locus_46472_0_39.2_LINEAR,XP_014630278.1,81.416,339,62,1,2564,1551,57,395,6.34E-160,479,92.92,-2,0
scaffold25376_Locus_46472_0_39.2_LINEAR,XP_019417465.1,80.702,342,63,1,2564,1548,59,400,2.61E-153,462,91.81,-2,0
scaffold25376_Locus_46472_0_39.2_LINEAR,XP_019417464.1,81.791,335,61,0,2552,1548,67,401,3.01E-153,462,92.84,-2,0
scaffold25376_Locus_46472_0_39.2_LINEAR,KEH35038.1,87.234,282,36,0,2564,1719,54,335,1.48E-149,451,95.74,-2,0
scaffold25376_Locus_46472_0_39.2_LINEAR,OIV96958.1,80.952,336,61,1,2564,1566,59,394,2.24E-148,453,91.96,-2,0
scaffold25376_Locus_46472_0_39.2_LINEAR,OIV96958.1,78.022,91,20,0,1820,1548,396,486,1.56E-30,130,92.31,-2,0
scaffold25376_Locus_46472_0_39.2_LINEAR,XP_020985665.1,77.581,339,56,1,2564,1548,68,386,1.90E-146,444,86.14,-2,0
scaffold25376_Locus_46472_0_39.2_LINEAR,KRH63558.1,83.813,278,45,0,2384,1551,1,278,1.35E-130,399,93.53,-2,0
scaffold25376_Locus_46472_0_39.2_LINEAR,PNX77279.1,84.753,223,33,1,2633,1968,39,261,1.71E-96,310,93.27,-2,0
scaffold25376_Locus_46472_0_39.2_LINEAR,PNX83994.1,83.916,143,23,0,1970,1542,1,143,1.08E-67,226,93.01,-2,0
scaffold25376_Locus_46472_0_39.2_LINEAR,KYP51564.1,86.364,132,18,0,1961,1566,1,132,1.56E-61,210,94.7,-2,0
scaffold25376_Locus_46472_0_39.2_LINEAR,PNX67409.1,90.991,111,10,0,2390,2058,1,111,5.00E-41,150,99.1,-2,0
scaffold25376_Locus_46472_0_39.2_LINEAR,RHN68767.1,82.143,84,15,0,1720,1971,16,99,9.21E-35,133,84.52,1,0
scaffold25376_Locus_46472_0_39.2_LINEAR,XP_019416428.1,71.154,104,24,1,1841,1548,22,125,2.84E-33,128,85.58,-2,0
scaffold25376_Locus_46472_0_39.2_LINEAR,KYP78379.1,31.401,207,137,3,2162,1557,2,208,1.44E-24,107,55.07,-2,0
scaffold25376_Locus_46472_0_39.2_LINEAR,PNX71066.1,49.057,53,20,3,476,616,38,89,1.3,36.2,58.49,2,0
C205172_60.0,GAU51254.1,95.63,389,15,1,335,1495,1,389,0,763,97.94,2,0
C205172_60.0,XP_003600853.1,94.832,387,20,0,335,1495,1,387,0,760,98.19,2,0
C205172_60.0,XP_004503228.1,93.798,387,24,0,335,1495,1,387,0,720,97.42,2,0
C205172_60.0,XP_020211284.1,89.406,387,41,0,335,1495,1,387,0,716,94.57,2,0
C205172_60.0,XP_017415904.1,88.372,387,45,0,335,1495,1,387,0,716,94.57,2,0
C205172_60.0,XP_014496325.1,88.372,387,45,0,335,1495,1,387,0,716,94.83,2,0
C205172_60.0,XP_007163512.1,88.63,387,44,0,335,1495,1,387,0,716,94.32,2,0
C205172_60.0,XP_003552524.1,88.372,387,45,0,335,1495,1,387,0,712,94.83,2,0
C205172_60.0,ACU23254.1,88.114,387,46,0,335,1495,1,387,0,710,94.83,2,0
C205172_60.0,XP_003538446.1,87.855,387,47,0,335,1495,1,387,0,708,94.57,2,0
C205172_60.0,RDX94736.1,88.114,387,46,0,335,1495,1,387,0,707,94.83,2,0
C205172_60.0,XP_019439410.1,87.113,388,49,1,335,1495,1,388,0,702,93.56,2,0
C205172_60.0,PNY11097.1,95.48,354,16,0,434,1495,1,354,0,701,98.02,2,0
C205172_60.0,XP_016166720.1,85.604,389,54,2,335,1495,1,389,0,682,92.54,2,0
C205172_60.0,XP_015931861.1,85.604,389,54,2,335,1495,1,389,0,682,92.29,2,0
C205172_60.0,XP_025609645.1,83.879,397,54,3,335,1495,1,397,0,677,90.93,2,0
C205172_60.0,ACJ84871.1,81.137,387,22,1,335,1495,1,336,0,624,84.75,2,0
C205172_60.0,ACU18796.1,90.503,179,17,0,959,1495,1,179,6.44E-113,337,94.97,2,0
C205172_60.0,AFK49549.1,85.882,170,23,1,335,841,1,170,2.95E-96,294,92.35,2,0
C205172_60.0,KYP59805.1,57.078,219,42,4,803,1459,1,167,2.74E-65,214,62.56,2,0
C205172_60.0,KYP35032.1,61.494,174,49,3,962,1459,98,261,8.73E-57,196,70.69,2,0
C205172_60.0,KYP35027.1,57.485,167,43,3,959,1459,31,169,1.16E-47,168,65.27,2,0
C205172_60.0,KRH31099.1,39.313,262,68,5,656,1438,7,178,2.13E-38,143,45.42,2,0
C205172_60.0,XP_004485532.1,32.639,288,157,11,680,1471,67,341,1.35E-23,106,49.65,2,0
C205172_60.0,ADK60786.1,92,50,4,0,755,904,1,50,3.58E-23,96.7,92,2,0
C205172_60.0,XP_003531565.1,32.143,280,163,12,680,1462,67,338,1.14E-22,103,51.43,2,0
C205172_60.0,BAT86832.1,30.526,285,167,10,680,1471,67,341,8.51E-22,101,49.82,2,0
C205172_60.0,XP_019418322.1,31.25,288,161,11,680,1471,67,341,1.15E-21,100,48.96,2,0
C205172_60.0,XP_014518096.1,30.877,285,160,11,680,1462,67,338,2.08E-21,100,50.18,2,0
C205172_60.0,XP_003593121.1,32.27,282,166,10,680,1471,67,341,2.37E-21,99.8,49.65,2,0
C205172_60.0,XP_020220831.1,30.928,291,148,12,680,1456,67,336,5.38E-21,98.6,49.14,2,0
C205172_60.0,XP_020238099.1,30.189,265,165,7,680,1426,67,327,6.20E-21,98.6,48.3,2,0
C205172_60.0,KYP43947.1,30.483,269,166,8,671,1426,69,333,7.41E-21,98.6,48.33,2,0
C205172_60.0,ACU19751.1,28.852,305,180,7,557,1426,45,327,1.03E-20,97.8,45.25,2,0
C205172_60.0,XP_006588487.1,29.924,264,167,6,680,1426,5,265,1.69E-20,95.9,48.48,2,0
C205172_60.0,XP_019425577.1,28.453,362,184,14,473,1462,20,338,4.75E-20,95.9,45.3,2,0
C205172_60.0,XP_015968004.1,29.259,270,161,8,680,1426,67,327,5.39E-20,95.9,48.52,2,0
C205172_60.0,NP_001242450.1,28.525,305,181,7,557,1426,45,327,6.11E-20,95.5,45.25,2,0
C205172_60.0,KRH35151.1,28.525,305,181,7,557,1426,45,327,6.65E-20,95.5,45.25,2,0
C205172_60.0,XP_024629891.1,25.836,329,200,11,551,1438,13,330,7.21E-20,95.9,43.47,2,0
C205172_60.0,AFK36161.1,29.924,264,167,5,680,1426,67,327,7.75E-20,95.1,47.35,2,0
C205172_60.0,XP_003548119.1,30.303,264,166,6,680,1426,67,327,8.23E-20,95.1,46.97,2,0
C205172_60.0,KHN17007.1,29.885,261,165,6,689,1426,54,311,1.01E-19,94.7,48.28,2,0
C205172_60.0,CAB46084.1,29.811,265,166,8,680,1426,55,315,2.15E-19,94,48.3,2,0
C205172_60.0,RDX70440.1,27.826,345,195,12,473,1441,20,332,2.30E-19,94,46.67,2,0
C205172_60.0,XP_020220989.1,59.091,88,32,2,776,1033,57,142,2.80E-19,89,65.91,2,0
C205172_60.0,XP_017440665.1,30.769,273,153,9,680,1426,67,327,3.20E-19,93.6,47.62,2,0
C205172_60.0,KRG91647.1,29.057,265,168,6,680,1426,16,276,5.79E-19,91.7,46.79,2,0
C205172_60.0,KHN46421.1,29.008,262,166,6,689,1426,54,311,6.59E-19,92,46.95,2,0
C205172_60.0,KRG91644.1,29.259,270,161,6,680,1426,67,327,7.00E-19,92.4,45.93,2,0
C205172_60.0,XP_015943291.1,29.655,290,163,10,680,1471,67,341,7.99E-19,92.4,45.17,2,0
C205172_60.0,XP_020989385.1,29.617,287,161,10,689,1471,54,325,9.10E-19,92,45.3,2,0
C205172_60.0,XP_016179353.1,28.966,290,165,10,680,1471,67,341,9.19E-19,92,45.52,2,0
C205172_60.0,XP_014514574.1,30.483,269,159,8,680,1426,67,327,1.05E-18,92,47.58,2,0
C205172_60.0,XP_007152031.1,31.203,266,161,9,680,1426,67,327,1.11E-18,92,48.87,2,0
C205172_60.0,XP_004516643.1,29.167,264,169,5,680,1426,67,327,1.22E-18,91.7,47.73,2,0
C205172_60.0,NP_001242168.1,29.259,270,161,8,680,1426,67,327,1.28E-18,91.7,47.41,2,0
C205172_60.0,XP_019449749.1,28.52,277,173,7,680,1456,67,336,1.43E-18,91.7,46.93,2,0
C205172_60.0,KEH15587.1,24.685,397,242,14,368,1426,227,610,1.66E-18,94.7,42.07,2,0
C205172_60.0,P46275.2,28.529,333,191,14,569,1447,81,406,1.86E-18,92,46.25,2,0
C205172_60.0,RDX98614.1,28.839,267,160,7,689,1426,68,325,2.30E-18,90.9,47.19,2,0
C205172_60.0,XP_017413516.1,29.008,262,168,5,686,1426,1,259,2.72E-18,89.4,46.95,2,0
C205172_60.0,XP_015942582.1,29.963,267,163,8,680,1426,67,327,2.81E-18,90.5,49.06,2,0
C205172_60.0,AAK59929.1,27.795,331,196,11,569,1447,81,406,2.85E-18,91.7,45.02,2,0
C205172_60.0,AAB30523.1,27.795,331,196,11,569,1447,31,356,3.06E-18,90.9,45.02,2,0
C205172_60.0,KYP50556.1,29.119,261,167,5,689,1426,54,311,3.15E-18,90.1,47.13,2,0
C205172_60.0,XP_007152422.1,30.827,266,162,9,680,1426,67,327,3.24E-18,90.5,48.87,2,0
C205172_60.0,KHN41266.1,30.189,265,166,7,680,1426,67,328,3.32E-18,90.5,46.79,2,0
C205172_60.0,XP_020232122.1,30.712,267,161,8,680,1426,67,327,3.45E-18,90.5,48.31,2,0
C205172_60.0,XP_013449051.1,29.352,293,164,11,677,1447,125,410,3.64E-18,91.3,46.08,2,0
C205172_60.0,1D9Q_A,27.795,331,196,11,569,1447,31,356,3.75E-18,90.5,45.02,2,0
C205172_60.0,XP_014514767.1,30.769,273,153,10,680,1426,67,327,3.83E-18,90.1,46.89,2,0
C205172_60.0,KOM35887.1,29.213,267,159,7,689,1426,54,311,4.07E-18,89.7,45.69,2,0
C205172_60.0,CAA48719.1,27.795,331,196,11,569,1447,55,380,4.08E-18,90.9,45.02,2,0
C205172_60.0,XP_017413515.1,29.259,270,161,7,680,1426,67,327,4.16E-18,90.1,45.56,2,0
C205172_60.0,XP_004492392.1,27.893,337,183,14,572,1447,86,407,4.18E-18,90.9,45.7,2,0
C205172_60.0,CAB39759.1,27.795,331,196,11,569,1447,31,356,4.35E-18,90.5,45.02,2,0
C205172_60.0,XP_007143532.1,29.259,270,161,7,680,1426,67,327,4.92E-18,90.1,45.56,2,0
C205172_60.0,KOM55420.1,31.273,275,150,11,680,1426,67,328,6.11E-18,89.7,48,2,0
C205172_60.0,1DBZ_A,27.795,331,196,11,569,1447,31,356,6.24E-18,89.7,45.02,2,0
C205172_60.0,KHN17852.1,71.154,52,15,0,908,1063,19,70,6.74E-18,82.4,84.62,2,0
C205172_60.0,RDX82126.1,28.736,261,168,7,689,1426,68,325,7.65E-18,89.4,47.89,2,0
C205172_60.0,PNY01376.1,31.387,274,159,11,689,1462,3,263,1.45E-17,87,47.81,2,0
C205172_60.0,GAU40136.1,28.313,332,184,14,581,1447,89,409,1.58E-17,89.4,45.48,2,0
C205172_60.0,AFK46760.1,28.395,324,192,11,581,1447,91,409,1.62E-17,89.4,45.06,2,0
C205172_60.0,KRH35153.1,28.873,284,165,7,557,1363,45,306,3.54E-17,87,44.72,2,0
C205172_60.0,Q8RW99.1,30.597,268,160,11,680,1426,67,327,4.22E-17,87,48.51,2,0
C205172_60.0,XP_013451828.1,28.625,269,164,8,680,1426,67,327,7.17E-17,86.3,47.21,2,0
C205172_60.0,AFK36540.1,28.625,269,164,8,680,1426,67,327,7.94E-17,86.3,47.21,2,0
C205172_60.0,GAU43323.1,30.961,281,158,11,680,1471,67,328,1.13E-16,85.5,46.26,2,0
C205172_60.0,ACU20625.1,28.62,297,158,12,677,1447,125,407,1.13E-16,86.7,45.45,2,0
C205172_60.0,XP_007140438.1,28.814,295,160,11,677,1447,126,408,1.33E-16,86.7,44.75,2,0
C205172_60.0,AFK45952.1,28.625,269,164,8,680,1426,67,327,1.37E-16,85.5,46.84,2,0
C205172_60.0,XP_003552216.1,27.19,331,187,12,581,1447,91,409,1.97E-16,85.9,44.11,2,0
C205172_60.0,XP_020234977.1,27.19,331,187,12,581,1447,90,408,2.25E-16,85.9,44.11,2,0
C205172_60.0,XP_019461382.1,28.333,300,155,13,677,1447,128,410,2.82E-16,85.5,45.67,2,0
C205172_60.0,KRG91646.1,29.508,244,152,6,680,1363,67,306,3.41E-16,84,46.31,2,0
C205172_60.0,RDX99113.1,27.301,326,189,13,581,1441,88,404,3.62E-16,86.3,45.71,2,0
C205172_60.0,NP_001238269.2,28.62,297,158,12,677,1447,125,407,4.03E-16,85.1,45.12,2,0
C205172_60.0,XP_014492013.1,29.293,297,156,13,677,1447,126,408,4.96E-16,84.7,45.45,2,0
C199840_59.0,XP_004516451.1,86.533,349,37,4,1298,276,1,347,0,558,91.69,-2,0
C199840_59.0,XP_004516450.1,86.286,350,37,4,1298,276,1,348,0,557,91.43,-2,0
C199840_59.0,GAU44355.1,88.761,347,31,4,1298,276,1,345,0,542,91.35,-2,0
C199840_59.0,XP_013445560.1,88.957,326,34,2,1250,276,60,384,0,534,92.94,-2,0
C199840_59.0,AAO16018.1,82.709,347,52,5,1298,276,1,345,0,520,89.05,-2,0
C199840_59.0,XP_022634489.1,81.977,344,59,1,1298,276,1,344,0,517,87.79,-2,0
C199840_59.0,XP_017431339.1,81.395,344,61,1,1298,276,1,344,0,514,87.5,-2,0
C199840_59.0,AAO16020.1,86.81,326,40,3,1250,276,15,338,0,513,90.8,-2,0
C199840_59.0,XP_014519571.1,81.686,344,59,2,1298,276,1,343,1.07E-180,513,87.5,-2,0
C199840_59.0,XP_017431340.1,81.105,344,61,2,1298,276,1,343,9.92E-180,510,87.21,-2,0
C199840_59.0,XP_020214909.1,80.814,344,63,2,1298,276,1,344,1.56E-179,510,87.79,-2,0
C199840_59.0,KHN46954.1,81.089,349,59,4,1307,276,214,560,1.81E-179,518,88.25,-2,0
C199840_59.0,XP_003527280.1,81.214,346,58,4,1298,276,1,344,3.35E-179,509,88.15,-2,0
C199840_59.0,ACU23864.1,81.953,338,55,3,1274,276,4,340,2.07E-178,507,88.76,-2,0
C199840_59.0,NP_001240262.1,80.29,345,63,2,1298,276,1,344,4.61E-178,506,86.67,-2,0
C199840_59.0,KHN16011.1,80.29,345,63,2,1298,276,16,359,7.75E-178,506,86.67,-2,0
C199840_59.0,XP_007133142.1,80.352,341,64,1,1298,285,1,341,1.16E-176,503,87.39,-2,0
C199840_59.0,XP_019413479.1,80,345,64,4,1298,276,1,344,1.56E-175,500,86.67,-2,0
C199840_59.0,OIV99148.1,81.306,337,58,4,1274,276,5,340,7.58E-175,498,87.54,-2,0
C199840_59.0,XP_019413478.1,78.409,352,64,5,1298,276,1,351,4.57E-173,494,84.94,-2,0
C199840_59.0,XP_025690595.1,78.448,348,65,5,1298,276,1,345,4.80E-172,491,85.92,-2,0
C199840_59.0,XP_016190381.1,78.448,348,65,5,1298,276,1,345,5.84E-172,491,85.63,-2,0
C199840_59.0,PNX94362.1,96.981,265,7,1,1067,276,1,265,1.61E-164,469,98.11,-2,0
C199840_59.0,XP_015956820.2,89.818,275,28,0,1100,276,8,282,2.55E-161,461,95.27,-2,0
C199840_59.0,RDY10688.1,76.877,333,60,5,1298,345,1,331,1.13E-155,451,84.08,-2,0
C199840_59.0,KRH26036.1,79.085,306,59,2,1298,393,1,305,2.18E-149,432,85.62,-2,0
C199840_59.0,XP_006591900.1,77.389,314,66,2,1298,369,1,313,3.93E-149,432,84.39,-2,0
C199840_59.0,KOM49494.1,78.467,274,56,1,1298,486,1,274,4.88E-131,384,84.67,-2,0
C199840_59.0,XP_025980325.1,77.536,276,55,4,1298,486,1,274,2.40E-128,377,85.87,-2,0
C199840_59.0,PNX79793.1,80.488,123,21,1,1211,852,1,123,8.38E-58,191,84.55,-2,0
C199840_59.0,PNX54748.1,93.976,83,5,0,1067,819,1,83,4.35E-44,154,95.18,-2,0
C199840_59.0,PNX86859.1,85.366,41,6,0,1070,948,10,50,3.99E-15,75.5,90.24,-2,0
C199840_59.0,PNX57823.1,78.571,28,6,0,153,70,136,163,0.001,44.3,85.71,-1,0
C199840_59.0,PNX92752.1,75.862,29,7,0,153,67,1389,1417,0.004,44.7,82.76,-1,0
C199840_59.0,PNX77250.1,78.571,28,6,0,153,70,433,460,0.004,44.3,85.71,-1,0
C199840_59.0,PNX60922.1,67.857,28,9,0,153,70,42,69,0.007,40.4,82.14,-1,0
C199840_59.0,PNX93258.1,72.414,29,8,0,153,67,1382,1410,0.009,43.5,82.76,-1,0
C199840_59.0,GAU11134.1,68.966,29,9,0,153,67,1173,1201,0.012,43.1,82.76,-1,0
C199840_59.0,PNX54637.1,67.857,28,9,0,153,70,325,352,0.017,42,85.71,-1,0
C199840_59.0,PNY04633.1,58.065,31,13,0,159,67,769,799,0.032,41.6,80.65,-1,0
C199840_59.0,KYP49490.1,56.25,32,14,0,153,58,116,147,0.051,38.9,71.88,-1,0
C199840_59.0,PNX61633.1,67.857,28,9,0,153,70,226,253,0.052,40,82.14,-1,0
C199840_59.0,RHN53444.1,65.517,29,10,0,153,67,1293,1321,0.065,40.8,82.76,-1,0
C199840_59.0,KYP52258.1,62.963,27,10,0,153,73,133,159,0.069,39.3,85.19,-1,0
C199840_59.0,KYP56497.1,70.37,27,8,0,153,73,325,351,0.071,40,85.19,-1,0
C199840_59.0,PNX75166.1,67.857,28,9,0,153,70,433,460,0.075,40,82.14,-1,0
C199840_59.0,PNY12957.1,67.857,28,9,0,153,70,283,310,0.087,39.7,82.14,-1,0
C199840_59.0,KYP42776.1,62.963,27,10,0,153,73,133,159,0.088,38.9,85.19,-1,0
C199840_59.0,GAU30708.1,70.37,27,8,0,153,73,1366,1392,0.09,40,81.48,-1,0
C199840_59.0,PNX90867.1,52.941,34,15,1,153,52,64,96,0.1,37.7,73.53,-1,0
C199840_59.0,KHN36156.1,62.069,29,11,0,153,67,1360,1388,0.11,40,79.31,-1,0
C199840_59.0,KHN22040.1,62.069,29,11,0,153,67,1360,1388,0.11,40,79.31,-1,0
C199840_59.0,PNY12955.1,67.857,28,9,0,153,70,469,496,0.11,39.7,82.14,-1,0
C199840_59.0,KYP64809.1,48.387,31,16,0,159,67,54,84,0.15,36.2,77.42,-1,0
C199840_59.0,KYP61009.1,66.667,27,9,0,153,73,133,159,0.16,38.5,85.19,-1,0
C199840_59.0,KYP55969.1,66.667,27,9,0,153,73,338,364,0.16,38.9,81.48,-1,0
C199840_59.0,KYP54748.1,50,34,16,1,159,58,16,48,0.23,35.4,79.41,-1,0
C199840_59.0,XP_020218641.1,62.963,27,10,0,153,73,181,207,0.27,37.7,85.19,-1,0
C199840_59.0,XP_020208792.1,62.963,27,10,0,153,73,163,189,0.31,37.4,85.19,-1,0
C199840_59.0,XP_014633436.1,60.714,28,11,0,153,70,130,157,0.35,38.1,78.57,-1,0
C199840_59.0,KYP50032.1,58.621,29,12,0,159,73,323,351,0.38,37.7,79.31,-1,0
C199840_59.0,KYP52116.1,56.667,30,13,0,159,70,350,379,0.42,37.7,80,-1,0
C199840_59.0,KYP46114.1,62.963,27,10,0,153,73,473,499,0.44,37.7,85.19,-1,0
C199840_59.0,KYP61342.1,62.963,27,10,0,153,73,1292,1318,0.46,37.7,85.19,-1,0
C199840_59.0,KYP67039.1,62.963,27,10,0,153,73,1213,1239,0.48,37.7,85.19,-1,0
C199840_59.0,PNY10826.1,60.714,28,11,0,153,70,181,208,0.56,37,78.57,-1,0
C199840_59.0,KYP61335.1,62.069,29,11,0,159,73,257,285,0.64,37,79.31,-1,0
C199840_59.0,KYP49762.1,55.556,27,12,0,159,79,16,42,0.65,34.3,81.48,-1,0
C199840_59.0,RDX70482.1,34.615,52,26,1,219,64,4,47,0.82,33.9,59.62,-1,0
C199840_59.0,RDX90521.1,55.556,27,12,0,159,79,26,52,0.89,34.3,81.48,-1,0
C199840_59.0,XP_020202072.1,59.259,27,11,0,153,73,181,207,1.1,35.8,77.78,-1,0
C199840_59.0,RDX73384.1,40.909,44,25,1,159,28,177,219,1.1,36.6,68.18,-1,0
C199840_59.0,XP_020206509.1,59.259,27,11,0,153,73,907,933,1.3,36.2,85.19,-1,0
C199840_59.0,XP_020206510.1,59.259,27,11,0,153,73,427,453,1.6,35.8,85.19,-1,0
C199840_59.0,KYP44961.1,53.571,28,13,0,153,70,35,62,1.8,33.5,78.57,-1,0
C199840_59.0,KYP63868.1,42,50,26,2,159,16,145,193,1.8,35,60,-1,0
C199840_59.0,PNX90261.1,53.125,32,14,1,153,58,188,218,2.1,35,71.88,-1,0
C199840_59.0,AFK38462.1,57.143,28,12,0,156,73,1,28,2.2,32,75,-1,0
C199840_59.0,KYP51533.1,55.556,27,12,0,159,79,187,213,3.2,34.3,81.48,-1,0
C199840_59.0,BAT81868.1,56,25,11,0,153,79,18,42,3.8,32.3,76,-1,0
C199840_59.0,KYP51694.1,55.556,27,12,0,153,73,144,170,4,33.9,85.19,-1,0
C199840_59.0,KYP70981.1,51.852,27,13,0,159,79,322,348,4,34.7,81.48,-1,0
C199840_59.0,KYP40128.1,55.556,27,12,0,159,79,322,348,4.1,34.3,81.48,-1,0
C199840_59.0,KYP44325.1,53.333,30,14,0,159,70,189,218,4.3,34.3,73.33,-1,0
C199840_59.0,KYP60164.1,50,32,15,1,153,58,301,331,4.4,34.3,78.12,-1,0
C199840_59.0,KYP68580.1,46.875,32,16,1,153,58,152,182,5.3,33.5,78.12,-1,0
C199840_59.0,KYP43532.1,60,25,10,0,153,79,33,57,5.4,32,80,-1,0
C199840_59.0,XP_020219685.1,53.571,28,13,0,153,70,285,312,5.9,33.9,78.57,-1,0
C199840_59.0,KYP60272.1,47.727,44,17,1,153,22,299,336,6.5,33.9,61.36,-1,0
C199840_59.0,KYP64118.1,53.571,28,13,0,153,70,339,366,6.8,33.9,78.57,-1,0
C199840_59.0,KYP52265.1,53.333,30,14,0,159,70,179,208,8.1,33.1,70,-1,0
C199840_59.0,ABN08283.1,48.276,29,15,0,165,79,463,491,9.3,33.5,72.41,-1,0
